Symbol;Name;Market Capitalization;Momentum;Slope;R2;ATR;Bullish Stock;Max Gap;Last Close;Last High;Distance from High;Bullish Market;Potential Buy;Shares to Buy
VRTX;Vertex Pharmaceuticals Incorpor;28.54B;225.16630441;258.188776643;0.872099505399;2.6494750526315802;True;18.6087591287;114.599998;120.620003;4.990884472121926;True;False;9
ATVI;Activision Blizzard Inc;42.21B;179.933352422;198.308883526;0.907338840412;0.846316368421053;True;17.2922718119;56.009998;56.009998;0.0;True;False;29
WYNN;Wynn Resorts Limited;12.75B;155.85505951;171.942164976;0.906438857111;2.959696578947366;True;7.63791539655;125.290001;125.396203;0.08469315454471271;True;True;8
IDXX;IDEXX Laboratories Inc.;14.38B;147.447742249;170.51372395;0.864726538328;2.7926328947368404;True;12.4420413682;163.220001;167.729996;2.688842250971024;True;True;8
LRCX;Lam Research Corporation;24.13B;136.084259094;151.662913036;0.897281058168;2.820001473684216;True;6.63368962248;149.580002;150.610001;0.6838848636618766;True;True;8
HPQ;HP Inc. Common Stock;32.68B;124.302016101;135.496238203;0.917383521118;0.2584213684210532;True;8.2887594773;19.299999;19.360001;0.30992766994175636;True;True;96
ISRG;Intuitive Surgical Inc.;31.08B;104.731053923;111.269628843;0.941236660995;11.354736315789493;True;6.17410468163;843.719971;850.539978;0.8018443784425844;True;True;2
MU;Micron Technology Inc.;32.01B;103.891317525;124.141262069;0.836879823791;0.7026316842105261;True;7.14329472025;28.93;29.32;1.330150068212821;True;True;35
ADBE;Adobe Systems Incorporated;67.69B;101.681627203;104.268388583;0.975191317184;1.164736999999998;True;3.73800657209;136.839996;136.839996;0.0;True;True;21
KLAC;KLA-Tencor Corporation;15.68B;101.552988424;107.192101514;0.947392456995;1.9957723684210524;True;5.32308842084;100.040001;103.034827;2.9066152554417357;True;True;12
AMT;American Tower Corporation (REI;53.60B;101.117967902;106.776527787;0.947005582569;1.45052457894737;True;2.80012840854;126.120003;128.869995;2.133927296264726;True;True;17
AMAT;Applied Materials Inc.;46.91B;101.094508257;107.677318165;0.938865398764;0.7452628947368415;True;3.10503862019;43.439999;43.48;0.09199862005518922;True;True;33
CERN;Cerner Corporation;21.27B;95.6128402063;105.287804457;0.908109355107;1.2342097894736836;True;7.51896213744;64.360001;65.279999;1.4093106833534264;True;True;20
AAPL;Apple Inc.;813.88B;90.701916593;103.901277204;0.872962479713;2.179046999999994;True;5.91936201226;156.100006;156.100006;0.0;True;True;11
FMC;FMC Corporation Common Stock;9.75B;88.6498401798;127.765208726;0.693849609482;1.3721049999999995;True;12.3583646565;72.75;75.379997;3.4889852808033472;True;True;18
DXC;DXC Technology Company Common S;11.23B;87.3736458046;110.503445135;0.790687074937;1.315263052631579;True;10.5439894755;79.620003;79.620003;0.0;True;True;19
SYMC;Symantec Corporation;19.16B;81.2677192685;92.8356585558;0.875393362128;0.5321053684210524;True;5.20241159797;31.01;33.139999;6.427275390080711;True;False;46
PM;Philip Morris International Inc;173.50B;79.2429860051;100.207333579;0.790790286247;1.5147381052631592;True;3.51101396699;111.709999;115.209999;3.03793076154788;True;True;16
BAX;Baxter International Inc. Commo;30.55B;78.6748424655;82.6391194804;0.95202905065;0.6731575789473677;True;4.37569991506;56.189999;56.349998;0.2839378982764096;True;True;37
BCR;C.R. Bard Inc. Common Stock;22.28B;78.578814975;112.01177105;0.701522833167;5.166259315789476;True;17.8117564253;307.709991;308.049988;0.1103707233385709;True;False;4
WYN;Wyndham Worldwide Corp Common  ;9.91B;77.6833400369;90.366771835;0.859644960857;1.9636845789473698;True;8.63786305885;95.089996;100.540001;5.420732987659315;True;False;12
DRI;Darden Restaurants Inc. Common;10.98B;77.5552549689;89.216160961;0.869296034861;1.051052210526316;True;8.90600913318;88.309998;88.309998;0.0;True;True;23
LOW;Lowe's Companies Inc. Common S;72.72B;77.2624140007;85.735976049;0.901166786234;1.04005442105263;True;9.09366271884;84.82;86.059998;1.4408529268150838;True;True;24
PCLN;The Priceline Group Inc. ;89.35B;77.1456347998;84.8391582739;0.909316362508;29.22473784210523;True;5.49101882296;1818.180054;1911.130005;4.863612143434482;True;True;0
SWKS;Skyworks Solutions Inc.;18.92B;75.1203645902;104.742038234;0.717194030753;1.9556101578947385;True;12.2332664023;102.519997;103.91566;1.3430728342580855;True;True;12
MTD;Mettler-Toledo International I;14.36B;74.8944793885;90.6776542072;0.825941959387;9.9742062105263;True;6.47993536974;556.109985;556.109985;0.0;True;True;2
ALB;Albemarle Corporation Common St;12.22B;72.2751586601;84.4927992493;0.855400215193;1.658420736842104;True;9.33812255322;110.379997;110.739998;0.32508669541424506;True;True;15
SNPS;Synopsys Inc.;11.20B;71.128264078;87.3553793001;0.81424022937;0.6378946315789471;True;6.42932714842;74.419998;74.540001;0.1609914118461231;True;True;39
RHT;Red Hat Inc. Common Stock;15.69B;70.7112813174;79.5828391349;0.888524235703;1.0273686315789465;True;5.07579424553;88.25;89.139999;0.9984283262107763;True;True;24
WAT;Waters Corporation Common Stock;13.80B;70.3103927222;80.731533235;0.870916108054;2.8573696842105285;True;6.74901261131;172.410004;174.5;1.1977054441260626;True;True;8
IFF;Internationa Flavors & Fragranc;10.32B;68.6649969151;78.9186293715;0.870073358622;2.0905255789473673;True;6.30935226115;130.710007;141.538504;7.650566237438827;True;False;11
FBHS;Fortune Brands Home & Security;9.63B;66.3676965688;69.7606570475;0.951362836557;0.7657893157894747;True;2.23993346309;62.57;65.599998;4.618899531064013;True;True;32
EA;Electronic Arts Inc.;33.60B;66.2348460057;80.9926154374;0.817788703921;1.9752635789473674;True;11.9159275736;109.089996;109.089996;0.0;True;True;12
ALLE;Allegion plc Ordinary Shares;7.31B;66.2240472932;77.5599460125;0.853843390796;1.1652626842105231;True;5.93011632551;76.730003;80.620003;4.82510525334513;True;True;21
TIF;Tiffany & Co. Common Stock;11.52B;65.7123015671;88.4573590259;0.742869810841;1.2089477894736846;True;3.74770207247;92.5;96.410004;4.05559987322478;True;True;20
STZ;Constellation Brands Inc. Comm;34.78B;65.3497963386;71.8179893473;0.909936311676;2.196405789473687;True;7.38013111166;178.570007;179.520004;0.529187265392439;True;True;11
COH;Coach Inc. Common Stock;12.71B;65.084605652;79.5051307039;0.81862145343;1.1521056315789475;True;10.7809754274;45.27;45.939999;1.4584218863391674;True;True;21
FB;Facebook Inc.;435.68B;64.5421764098;69.5132547096;0.928487332085;1.9263152631578928;True;2.2452647366;150.330002;152.779999;1.6036110852442165;True;True;12
WDC;Western Digital Corporation;26.11B;64.4078729795;85.0830927264;0.75699966839;2.1747372105263154;True;5.14116201661;89.650002;90.720001;1.17945214749281;True;True;11
ANTM;Anthem Inc. Common Stock;48.08B;64.3084050989;75.2651615264;0.854424594256;3.4121028421052566;True;4.22378456728;181.440002;182.720001;0.7005248429261979;True;True;7
BBY;Best Buy Co. Inc. Common Stock;15.80B;61.7620411468;77.1269166372;0.800784522962;0.8794732631578951;True;6.232616419;51.110001;52.349998;2.3686667571601316;True;True;28
AVGO;Broadcom Limited;94.71B;61.6197925078;84.6646644789;0.727810036065;3.4215761578947435;True;3.91380051062;235.960007;235.960007;0.0;True;True;7
MAR;Marriott International;38.82B;60.6095254489;69.3226044201;0.874311142172;1.7094738421052638;True;6.16678175852;102.449997;103.239998;0.7652082674391436;True;True;14
MJN;Mead Johnson Nutrition Company ;16.33B;60.5688803617;95.9391684386;0.631325884385;0.14789536842105266;True;19.4003618922;88.949997;89.400002;0.503361286278281;True;False;169
CNC;Centene Corporation Common Stoc;13.04B;58.9616667609;74.7404031931;0.788886121053;1.739473684210527;True;5.16075464304;75.669998;77.360001;2.1845953698992338;True;True;14
RCL;Royal Caribbean Cruises Ltd. Co;23.14B;58.9610847018;77.7098247039;0.758733981533;2.2015777894736828;True;8.70113989604;107.57;108.82;1.1486859033265961;True;True;11
A;Agilent Technologies Inc. Comm;18.10B;58.0935668795;63.0891286385;0.920817391731;0.6699996315789459;True;3.55601190409;56.16;56.869999;1.2484596667568182;True;True;37
IT;Gartner Inc. Common Stock;10.24B;57.7305637529;64.9846485983;0.888372330976;1.3473673157894732;True;11.6899284918;113.25;114.330002;0.9446356871401163;True;True;18
MCD;McDonald's Corporation Common S;118.48B;57.3502862375;64.6682948831;0.886837767118;1.5663162105263142;True;5.41574088252;145.360001;145.360001;0.0;True;True;15
AMZN;Amazon.com Inc.;459.50B;57.0261341841;63.1902780383;0.902451072451;12.387891210526325;True;3.6061234963;961.349976;961.349976;0.0;True;True;2
CTXS;Citrix Systems Inc.;12.99B;57.0085965158;68.0754282329;0.83743280058;1.5199999473684187;True;6.8459680617;85.919998;87.480003;1.7832704006651712;True;True;16
ORCL;Oracle Corporation Common Stock;185.49B;56.6467478915;64.2229471257;0.882032831359;0.4115791052631568;True;6.0392330025;45.080002;45.73;1.4213820249289189;True;True;60
FTV;Fortive Corporation Common Stoc;21.55B;56.4305954392;58.8311389336;0.959196039072;0.9210000526315797;True;2.33871335022;62.18;63.259998;1.7072368544810868;True;True;27
SWK;Stanley Black & Decker Inc. Co;20.96B;56.3502722355;59.6576760136;0.944560298036;1.9905243684210512;True;3.58938218292;136.990005;139.080002;1.5027300617956652;True;True;12
MCO;Moody's Corporation Common Stoc;21.96B;56.311525235;70.1450958906;0.802786346217;1.643684368421051;True;2.40241113426;114.769997;119.43;3.901869714477102;True;True;15
EXPE;Expedia Inc.;21.10B;55.6356707867;65.4039211834;0.850647327866;2.2042099473684194;True;2.60184150207;139.809998;141.100006;0.9142508470198041;True;True;11
PKI;PerkinElmer Inc. Common Stock;6.87B;53.4713362021;60.4672835811;0.88430194041;0.9268413157894734;True;3.16947983716;62.380001;62.669998;0.46273657133354407;True;True;26
ILMN;Illumina Inc.;26.63B;52.9090365299;71.2981653604;0.742081318116;3.411053473684216;True;15.3605513157;182.380005;188.850006;3.4259998911517098;True;False;7
EFX;Equifax Inc. Common Stock;16.23B;52.7470394982;65.9773940902;0.79947139813;1.8173692105263184;True;4.91063566854;135.050003;139.470001;3.1691388601911563;True;True;13
PHM;PulteGroup Inc. Common Stock;7.18B;52.5873976143;81.4561852407;0.64559121519;0.5163155263157895;True;5.71584399713;22.75;24.200001;5.991739421828946;True;False;48
HD;Home Depot Inc. (The) Common S;188.76B;52.0852353817;57.0475249617;0.913014813818;1.771052421052634;True;1.80514358032;156.919998;158.130005;0.7651975980143777;True;True;14
CMG;Chipotle Mexican Grill Inc. Co;14.03B;51.973671308;73.5563959568;0.706582624555;10.857368842105263;True;4.79871020085;489.329987;489.329987;0.0;True;True;2
SPGI;S&P Global Inc. Common Stock;35.24B;51.8187474083;66.4219238818;0.780145234886;1.5826318421052605;True;2.95787533133;136.699997;137.869995;0.8486240969255099;True;True;15
COL;Rockwell Collins Inc. Common S;16.78B;51.6210921076;59.268815789;0.870965471816;1.6539341052631569;True;5.00373663625;103.309998;105.177006;1.775110426702975;True;True;15
CCL;Carnival Corporation Common Sto;44.42B;50.6494416542;56.3193741038;0.899325364675;0.7873688947368428;True;2.35604050425;61.189999;63.220001;3.2110122870766866;True;True;31
HAS;Hasbro Inc.;12.69B;50.2858535446;80.3519968853;0.625819587489;1.719006894736842;True;13.2214431556;101.370003;101.82;0.4419534472598685;True;True;14
YHOO;Yahoo! Inc.;47.82B;49.3862403374;55.3154751584;0.89281055972;0.567894789473684;True;3.47659562315;49.650002;49.689999;0.0804930585730168;True;True;44
DGX;Quest Diagnostics Incorporated ;14.57B;49.3779541721;57.8305190697;0.85383902767;1.4489473157894739;True;5.85900011023;106.470001;107.849998;1.2795521795002762;True;True;17
DHI;D.R. Horton Inc. Common Stock;12.42B;49.2974777492;67.2955379149;0.73255195332;0.6251376315789475;True;6.40164567238;33.07;34.173803;3.2299682888673464;True;True;39
PPL;PPL Corporation Common Stock;26.48B;49.1252837063;51.5880376013;0.952261144065;0.3847368947368421;True;1.80428214926;38.759998;38.759998;0.0;True;True;64
RAI;Reynolds American Inc Common St;93.51B;48.9990423045;54.0651659777;0.906295974837;0.4057895263157875;True;3.00946360092;65.540001;65.540001;0.0;True;True;61
LEN;Lennar Corporation Class A Comm;11.81B;48.8365380911;68.9726859808;0.7080562022;0.8252444736842102;True;5.8161057891;50.389999;52.928546;4.7961774729273765;True;True;30
MCHP;Microchip Technology Incorporat;17.59B;48.6704958948;60.2714905245;0.807521026463;1.3226306315789464;True;5.83068491997;79.0;79.040001;0.05060855199129355;True;True;18
BA;Boeing Company (The) Common Sto;110.61B;47.6811479273;61.1670774923;0.779523068326;3.0198396315789497;True;4.15417416377;183.25;185.489998;1.2076112049987708;True;True;8
ROP;Roper Technologies Inc. Common;22.60B;45.838141616;59.561679945;0.769591147501;2.717368421052627;True;4.65153199789;221.479996;222.789993;0.5879963378786046;True;True;9
ETN;Eaton Corporation PLC Ordinary;34.30B;45.7350172041;49.0954580136;0.93155291863;1.289063315789474;True;2.9361411399;76.68;77.089996;0.5318407332645214;True;True;19
SHW;Sherwin-Williams Company (The) ;30.92B;45.6098274886;57.8363178744;0.788601853729;4.233681263157902;True;7.33818317838;334.049988;338.609985;1.3466811972482229;True;True;5
CSX;CSX Corporation;48.11B;45.4392914272;87.3919155127;0.519948454736;1.003684473684211;True;21.026259432;52.139999;52.5;0.6857161904761933;True;False;24
XEL;Xcel Energy Inc. Common Stock;23.14B;44.539722236;48.5782053938;0.916866357555;0.4115786842105255;True;1.85325380548;45.580002;45.580002;0.0;True;True;60
PNW;Pinnacle West Capital Corporati;9.46B;44.003061123;48.7121337795;0.903328548944;0.9708801052631584;True;2.07887728818;84.760002;86.099998;1.5563252394035998;True;True;25
VRSN;VeriSign Inc.;9.04B;43.9408485996;46.3095348916;0.948851002337;1.1831581052631577;True;3.19142997439;89.110001;90.839996;1.9044419596848106;True;True;21
WMT;Wal-Mart Stores Inc. Common St;229.63B;43.7395986174;51.5190509709;0.848998531478;0.9370656315789461;True;2.95433275245;75.709999;76.699997;1.2907405980732922;True;True;26
CRM;Salesforce.com Inc Common Stock;62.99B;43.3531137734;51.2209092928;0.846394848745;0.9342101052631575;True;2.97914991674;89.040001;89.040001;0.0;True;True;26
DLPH;Delphi Automotive plc Ordinary ;23.22B;43.177546147;65.2817597883;0.661402913876;2.2105067368421047;True;10.3561633616;86.690002;88.269997;1.78995701110084;True;True;11
CCI;Crown Castle International Corp;34.44B;41.9261516551;47.8532935195;0.876139311875;1.1989474736842096;True;2.99268977854;94.059998;96.790001;2.820542382265301;True;True;20
SYK;Stryker Corporation Common Stoc;50.39B;41.3709198175;46.0612944252;0.898171020458;1.5042106315789479;True;2.39095310987;134.820007;136.369995;1.1366048667817208;True;True;16
PNR;Pentair plc. Ordinary Share;11.78B;41.102483908;50.0287431185;0.821577384239;1.1221048421052604;True;3.7531771713;64.639999;67.730003;4.562238097051308;True;True;22
NEE;NextEra Energy Inc. Common Sto;63.46B;40.6051506644;48.2280573038;0.841940416729;1.4136867368421115;True;2.18233094914;135.550003;135.550003;0.0;True;True;17
EIX;Edison International Common Sto;25.67B;40.3095961343;50.7787441868;0.793828141673;0.8978937368421064;True;2.40747133066;78.779999;80.940002;2.668647080092734;True;True;27
EL;Estee Lauder Companies Inc. (T;34.18B;40.2490930889;48.4107191421;0.831408700432;1.3621064210526315;True;4.27405903575;92.93;94.080002;1.222366045442902;True;True;18
RSG;Republic Services Inc. Common ;21.19B;40.2370404369;48.2348205153;0.834190736216;0.5357902631578946;True;2.83825413005;62.68;64.019997;2.09309131957629;True;True;46
AME;AMETEK Inc.;13.68B;40.2207074415;53.0456205819;0.758228615298;0.8415785263157891;True;3.12357465275;59.470001;60.389999;1.5234277450476452;True;True;29
MHK;Mohawk Industries Inc. Common ;17.13B;39.9598342862;50.3564243615;0.79353994635;3.479998157894742;True;3.63476749352;230.529999;238.880005;3.4954813400979057;True;True;7
MMM;3M Company Common Stock;117.40B;39.768513327;46.79843758;0.84978292831;1.7410502631578895;True;1.86603055979;196.570007;199.509995;1.4736043675405819;True;True;14
QRVO;Qorvo Inc.;8.88B;39.630407464;66.214752452;0.598513261719;1.456263526315789;True;4.54280569047;67.800003;71.330002;4.948827843857351;True;True;17
COO;Cooper Companies Inc. (The) Co;10.16B;39.5819747008;47.5205234538;0.832944837808;2.521578368421052;True;3.3774655666;207.589996;207.649994;0.028893812537267305;True;True;9
SRE;Sempra Energy Common Stock;28.03B;39.558898928;45.6795675733;0.866008612373;1.2594725263157904;True;1.95422119506;111.610001;113.610001;1.7604083992570296;True;True;19
HOLX;Hologic Inc.;11.95B;39.3660713972;47.6470876434;0.826200998723;0.7752631578947367;True;5.22556933743;42.630001;45.959999;7.2454266154357345;True;False;32
V;Visa Inc.;213.88B;39.3589349068;45.5992166421;0.863149365387;0.9021052105263138;True;4.49059801771;92.730003;92.730003;0.0;True;True;27
LEG;Leggett & Platt Incorporated C;6.86B;38.7224045117;45.0308998824;0.85990741053;0.7457894736842094;True;2.53370630557;51.830002;54.040001;4.0895613602968;True;True;33
PCG;Pacific Gas & Electric Co. Comm;33.89B;38.6529447604;46.4399777942;0.832320483265;0.715790368421053;True;2.14407497428;66.330002;67.790001;2.1537084798095796;True;True;34
CNP;CenterPoint Energy Inc (Holdin;11.76B;38.2782998535;46.7712447333;0.818415247911;0.43609568421052647;True;2.19263904446;27.290001;28.360075;3.7731705575531738;True;True;57
PYPL;PayPal Holdings Inc.;59.31B;38.2393417507;57.6448831697;0.663360556013;0.8339469473684213;True;5.98693821933;49.369999;49.790001;0.8435468800251811;True;True;29
PPG;PPG Industries Inc. Common Sto;27.44B;37.884480731;43.1282637666;0.878414232857;1.663230421052632;True;5.82988871074;107.120003;110.88736;3.3974629750406327;True;True;15
ADSK;Autodesk Inc.;21.07B;37.8391746232;50.4814461108;0.749565979947;1.4889469999999998;True;3.37658306082;95.389999;95.870003;0.5006821581094445;True;True;16
PEP;Pepsico Inc. Common Stock;161.29B;37.7174878223;42.9195916544;0.878794190914;0.928948263157895;True;1.66862659742;112.910004;114.32;1.2333764870538722;True;True;26
MDT;Medtronic plc. Ordinary Shares;114.19B;36.6812447767;47.1293663378;0.778309738217;0.8936823157894734;True;2.83943987826;83.419998;86.835954;3.933803732956065;True;True;27
AVY;Avery Dennison Corporation Comm;7.38B;36.6471027053;49.7202883007;0.73706537025;0.9663163157894745;True;8.69087234381;83.349998;84.169998;0.974218865966936;True;True;25
AET;Aetna Inc. Common Stock;47.40B;36.5818097058;51.6566469957;0.708172361803;2.0526315789473686;True;3.31323179587;142.899994;144.389999;1.0319308887868361;True;True;12
NI;NiSource Inc Common Stock;7.89B;36.2312004784;42.8969934536;0.844609320174;0.30273963157894757;True;2.5565985923;24.299999;24.817569;2.0854983822146234;True;True;82
IR;Ingersoll-Rand plc (Ireland);22.53B;35.2663739931;47.7280893096;0.738901860587;1.2342111578947368;True;3.46483658646;88.010002;90.010002;2.221975286702027;True;True;20
TGNA;TEGNA Inc;4.87B;34.2495777787;64.3861938851;0.53193977951;0.6000000526315791;False;6.98519036962;22.66;26.41;14.199166982203714;True;False;41
ITW;Illinois Tool Works Inc. Common;47.46B;34.1915757884;41.1758890623;0.830378567824;1.8900001052631559;True;3.56153155942;137.380005;139.759995;1.7029121960114524;True;True;13
CHD;Church & Dwight Company Inc. C;12.51B;34.1404967661;49.0227988561;0.696420799357;0.6244360526315791;True;4.21748938316;50.200001;50.67925;0.9456513267264266;True;True;40
PGR;Progressive Corporation (The) C;23.22B;33.9829046926;44.514199101;0.763417187749;0.48894710526315777;True;3.11937200886;39.98;40.740002;1.8654932810263647;True;True;51
NFLX;Netflix Inc.;69.31B;33.7879730979;47.8816464913;0.705656040965;3.581578947368417;True;5.63005645641;160.809998;160.809998;0.0;True;True;6
ED;Consolidated Edison Inc. Commo;24.40B;33.4310268744;36.6466372592;0.912253602916;0.7510520000000006;True;1.71477182808;79.900002;79.900002;0.0;True;True;33
EQIX;Equinix Inc.;33.59B;33.3883137022;45.0321868209;0.741432207924;5.458944052631577;True;3.40290784223;431.070007;431.070007;0.0;True;True;4
PH;Parker-Hannifin Corporation Com;20.87B;33.3106386802;43.9231296746;0.75838490852;2.8171431052631597;True;3.40924116561;156.679993;164.535042;4.7740887925868165;True;True;8
ES;Eversource Energy (D-B-A) Commo;18.98B;33.2662442518;39.8800194238;0.834158175757;0.6142106315789472;True;1.79191733168;59.880001;60.290001;0.68004643091647;True;True;40
WFM;Whole Foods Market Inc.;11.57B;33.0936204429;72.8945029082;0.453993361949;0.806316105263159;True;9.51052841914;36.279999;37.029999;2.0253848778121752;True;True;31
PVH;PVH Corp. Common Stock;7.84B;32.6743338274;53.6803123767;0.608683749791;2.0942111052631582;True;8.13542912123;100.190002;113.911292;12.045592459788779;True;False;11
AEP;American Electric Power Company;33.47B;32.6462180062;37.1186816709;0.879509091829;0.8424042631578945;True;1.71226756346;68.059998;68.059998;0.0;True;True;29
CMS;CMS Energy Corporation Common S;12.75B;32.6434377641;36.6195347921;0.891421421637;0.5833606315789455;True;1.74786157745;45.540001;45.540001;0.0;True;True;42
ALL;Allstate Corporation (The) Comm;30.67B;32.2294988968;43.917341108;0.733867262536;1.0336845263157879;True;3.71834388117;84.129997;85.57;1.6828362743952163;True;True;24
CBOE;CBOE Holdings Inc.;9.42B;31.6834536907;37.1678329772;0.8524428559;1.2542106842105265;True;3.26485918629;84.07;84.989998;1.082477964054085;True;True;19
XL;XL Group Ltd.;10.94B;31.5920154889;41.8653830299;0.754609493634;0.5747363684210528;True;2.62796234939;41.860001;42.91;2.4469797250058045;True;True;43
AVB;AvalonBay Communities Inc. Com;26.39B;31.1441600753;36.2291641931;0.859643350018;2.6721030526315745;True;3.43652136412;192.039993;192.75;0.36835642023347326;True;True;9
AWK;American Water Works Company I;13.60B;30.3435620568;39.7631179165;0.763108218035;1.1811508947368436;True;2.63412940199;76.309998;80.545244;5.25821983977105;True;False;21
FISV;Fiserv Inc.;25.44B;30.2930429951;39.3319289992;0.77018960844;1.358420894736842;True;1.92666363657;119.779999;120.25;0.3908532224532246;True;True;18
HON;Honeywell International Inc. Co;100.24B;30.00050961;38.7330040406;0.774546419858;1.744209263157892;True;2.6391844826;131.490005;131.910004;0.3183981405989633;True;True;14
GLW;Corning Incorporated Common Sto;26.74B;29.7265316561;47.381381354;0.627388455267;0.447894631578947;True;5.53625163447;29.059999;29.120001;0.20605081709992312;True;True;55
MON;Monsanto Company Common Stock;51.00B;28.9050756888;34.0629115073;0.848579126379;0.6099992631578975;True;2.73758379973;116.220001;116.940002;0.6157012037677378;True;True;40
HUM;Humana Inc. Common Stock;33.48B;28.4900929849;41.4790175484;0.686855539712;3.6394733157894734;True;3.63479651717;231.990005;231.990005;0.0;True;True;6
XRAY;DENTSPLY SIRONA Inc.;14.19B;28.4432991102;43.7900090464;0.649538552963;1.0200004736842128;True;3.3885741274;61.650002;65.589996;6.007004482817779;True;False;24
CSCO;Cisco Systems Inc.;167.51B;27.9607083329;45.7333155843;0.611385987997;0.36578989473684304;True;2.34879568841;33.450001;34.389999;2.7333469826503753;True;True;68
GT;The Goodyear Tire & Rubber Comp;8.64B;27.7109635185;52.6045095032;0.526779239655;0.7564169473684206;True;5.73395596179;34.330002;36.7773;6.654371038656992;True;False;33
DUK;Duke Energy Corporation (Holdin;58.44B;27.6441541002;34.5320782726;0.800535487091;0.759474105263158;True;2.72370766519;83.480003;83.480003;0.0;True;True;32
ULTA;Ulta Beauty Inc.;18.49B;27.428039422;34.5639009615;0.793545828424;4.067896684210526;True;4.51710127954;297.549988;299.910004;0.7869080619264834;True;True;6
ETR;Entergy Corporation Common Stoc;13.59B;27.107244983;35.2176036046;0.76970725457;1.1416313684210517;True;2.97950490815;75.699997;78.856118;4.00237937150294;True;True;21
HCN;Welltower Inc. Common Stock;26.31B;27.0782999653;39.103176354;0.692483386008;1.357581684210526;True;3.08813461739;71.849998;73.873341;2.73893528113206;True;True;18
ADS;Alliance Data Systems Corporati;13.56B;26.9690332969;41.9846930586;0.642353946932;6.278111947368416;True;7.97613526049;243.470001;262.481065;7.242832544892341;True;False;3
PFG;Principal Financial Group Inc C;18.16B;26.8297052972;37.7452884242;0.710809386211;0.924737157894735;True;3.26720338513;63.0;65.18;3.344584228290892;True;True;27
ARNC;Arconic Inc. Common Stock;12.21B;26.8184349015;84.606776792;0.31697738548;0.6273866315789473;True;10.6327901362;27.700001;30.482485;9.128140307458521;True;False;39
DTE;DTE Energy Company Common Stock;18.91B;26.8145565186;29.7426699858;0.90155176154;0.9131574210526318;True;2.03897657773;105.419998;105.419998;0.0;True;True;27
WY;Weyerhaeuser Company Common Sto;24.72B;26.5180949758;41.4784938389;0.639321550074;0.5742103157894732;True;3.34838290502;32.869999;34.959999;5.9782610405681;True;False;43
AON;Aon plc Class A Ordinary Shares;32.90B;26.434933772;29.8984701827;0.884156734792;1.337132526315791;True;1.78254624821;124.239998;124.300003;0.048274335118081435;True;True;18
TMO;Thermo Fisher Scientific Inc Co;67.10B;26.0694918975;43.8766256112;0.594154439509;2.3694732105263174;True;6.15725194464;171.520004;172.119995;0.3485887853993841;True;True;10
MSFT;Microsoft Corporation;527.93B;25.8503014909;31.1017516315;0.831152592213;0.7910522631578942;True;2.32229010007;68.379997;69.410004;1.4839460317564557;True;True;31
CLX;Clorox Company (The) Common Sto;17.02B;25.8379250416;46.5803522509;0.554695784662;1.6521041052631587;True;3.99433759486;132.160004;137.831319;4.1146780290189255;True;True;15
KMB;Kimberly-Clark Corporation Comm;45.43B;25.5883810534;47.8918008881;0.534295653513;1.765262684210521;True;4.10809256508;127.989998;135.0;5.192594074074075;True;False;14
CI;Cigna Corporation Common Stock;41.48B;25.2882590338;34.3585613439;0.736010416173;2.801053578947372;True;2.34754482476;162.029999;163.820007;1.0926675152687526;True;True;8
HSIC;Henry Schein Inc.;13.96B;25.2873284706;35.8659884754;0.705050370712;2.374738105263158;True;2.87308344019;175.619995;178.350006;1.5307041817537281;True;True;10
AMP;Ameriprise Financial Inc. Comm;19.23B;25.2680878482;49.7938549147;0.507453939678;2.270245157894739;True;4.17412731896;126.129997;133.734107;5.685991532436818;True;False;11
CL;Colgate-Palmolive Company Commo;62.93B;25.0636448167;43.3375846041;0.578335065178;0.848336578947368;True;5.35788299326;71.25;74.220001;4.001618108304794;True;True;29
GD;General Dynamics Corporation Co;59.02B;24.7749893026;33.2476089175;0.745166046798;2.05420884210526;True;4.32690607916;195.589996;196.589996;0.5086728828256337;True;True;12
ROK;Rockwell Automation Inc. Commo;20.06B;24.729251013;37.5355909807;0.658821411008;2.8581902631579;True;7.44649461494;155.699997;159.367945;2.301559450992474;True;True;8
GOOG;Alphabet Inc.;644.86B;24.7132435823;39.5584897319;0.624726670553;11.301099315789495;True;3.56288032981;932.219971;934.299988;0.22262838774648186;True;True;2
MAS;Masco Corporation Common Stock;11.53B;24.6190035741;38.5204504299;0.639115153104;0.5368417894736826;True;5.20067965846;36.459999;37.450001;2.6435299694651637;True;True;46
LLL;L3 Technologies Inc. Common St;12.85B;24.4164398952;41.0855002608;0.594283621721;2.6057874736842046;True;3.13238522069;165.320007;173.940002;4.955728930024961;True;True;9
LNT;Alliant Energy Corporation Comm;9.02B;24.3670258026;30.2085849313;0.806625860098;0.47640505263158006;True;2.29184495485;39.610001;40.060001;1.1233149994179903;True;True;52
MA;Mastercard Incorporated Common ;125.55B;24.0466105917;29.5831508501;0.81284818894;1.357894526315789;True;2.75489407221;117.129997;118.120003;0.8381357728207917;True;True;18
ABBV;AbbVie Inc. Common Stock;105.14B;23.8626670891;33.8564903694;0.704818096287;0.9742099473684194;True;3.67706203472;66.059998;67.230003;1.740301870877503;True;True;25
AFL;AFLAC Incorporated Common Stock;29.14B;23.566275248;28.3556199265;0.831097162012;0.8178954736842112;True;4.15723557078;73.43;75.050003;2.158564870410462;True;True;30
JNJ;Johnson & Johnson Common Stock;333.07B;23.3785924569;39.7774116824;0.587735387199;1.069473789473682;True;3.15126744752;123.639999;128.960007;4.125316153247427;True;True;23
MMC;Marsh & McLennan Companies Inc;37.73B;23.0635188696;34.4975010892;0.668556218318;0.8578948947368438;True;3.12525281419;73.379997;74.792036;1.8879536853362189;True;True;29
MKC;McCormick & Company Incorporat;12.39B;22.4488034878;31.8231153936;0.705424444155;0.9173686842105268;True;2.93329036939;99.400002;101.543555;2.1109690319587426;True;True;27
LMT;Lockheed Martin Corporation Com;78.51B;22.3171994338;28.7076875134;0.777394536686;2.7321038947368437;True;2.26654237926;271.26001;276.209991;1.792107874910287;True;True;9
TXN;Texas Instruments Incorporated;80.39B;21.9874652029;31.2175046343;0.704331286578;1.2451104736842113;True;3.07636508139;80.690002;81.852293;1.419985876266161;True;True;20
GOOGL;Alphabet Inc.;660.72B;21.6526784117;37.3727392743;0.579370922019;11.865263210526336;True;3.6436570559;955.140015;958.690002;0.3702956109476463;True;True;2
ECL;Ecolab Inc. Common Stock;36.69B;20.7942092255;24.7026391206;0.841780877098;1.2021057368421064;True;3.13569203245;126.510002;129.369995;2.21070813212908;True;True;20
UNH;UnitedHealth Group Incorporated;165.57B;20.5336415115;28.4389916204;0.722024247049;2.215789684210524;True;3.75429234316;171.809998;174.880005;1.7554934310529124;True;True;11
CBG;CBRE Group Inc Common Stock Cla;11.69B;20.417835573;49.5084315976;0.412411278527;0.7068416315789466;True;7.41532220463;34.700001;36.77;5.629586619526794;True;False;35
LUK;Leucadia National Corporation C;9.10B;20.3281391216;40.3352872318;0.503979034655;0.5042104736842106;True;3.20526784399;25.299999;27.136393;6.767273749315173;True;False;49
HRS;Harris Corporation Common Stock;13.14B;20.0674774369;32.9117659018;0.60973566404;1.5089485263157933;True;3.04651148484;107.760002;113.290001;4.881277209980784;True;True;16
ESS;Essex Property Trust Inc. Comm;16.57B;20.0663881074;30.9053398808;0.649285469266;3.9263168421052543;True;3.07084063754;252.669998;252.669998;0.0;True;True;6
FL;Foot Locker Inc.;9.83B;19.8707088861;35.801549366;0.555023713722;1.3068431578947333;True;8.96204902967;74.879997;78.55592;4.679371077316641;True;True;19
KO;Coca-Cola Company (The) Common ;186.24B;19.8139989823;23.5722117263;0.840565968623;0.3742106315789478;True;1.86189200155;43.59;43.889999;0.6835247364667119;True;True;66
CTAS;Cintas Corporation;12.88B;19.5947329507;28.9460000291;0.676940956643;1.4442095263157897;True;4.61349681151;122.300003;126.980003;3.6856196955673326;True;True;17
WLTW;Willis Towers Watson Public Lim;19.27B;19.4514467134;32.2393035738;0.603345747492;2.1563154736842107;True;6.03041470479;142.320007;144.289993;1.365296344563538;True;True;11
LLY;Eli Lilly and Company Common St;84.70B;19.4272740202;37.8801912142;0.512861033628;1.3137623157894713;True;4.16082882135;80.190002;85.696639;6.42573275248286;True;False;19
REGN;Regeneron Pharmaceuticals Inc.;46.67B;18.8979027328;41.8428647352;0.45163979217;11.731051578947364;True;6.4871669886;442.049988;444.519989;0.5556557772703363;True;True;2
DLR;Digital Realty Trust Inc. Comm;18.36B;18.8334555997;31.3402592206;0.600934901884;1.6110525789473709;True;2.9266761851;115.080002;115.080002;0.0;True;True;15
UTX;United Technologies Corporation;96.81B;18.6529776349;27.3288773882;0.682537279887;1.2247362105263158;True;1.36793247199;120.830002;121.459999;0.5186868147430079;True;True;20
VFC;V.F. Corporation Common Stock;22.25B;18.5799694423;32.8210760021;0.566098730009;1.0699996842105255;True;5.72702183549;54.0;57.849998;6.655139383064457;True;False;23
RTN;Raytheon Company Common Stock;46.14B;18.3135996887;25.8240905594;0.709167265604;1.6721053684210498;True;2.74027633592;158.5;160.059998;0.9746332747049058;True;True;14
BSX;Boston Scientific Corporation C;35.92B;17.5491742739;33.2230742942;0.528222467268;0.3678951052631584;True;6.20286114425;26.23;26.59;1.3538924407672015;True;True;67
AEE;Ameren Corporation Common Stock;13.33B;17.3975063582;24.5434704985;0.708844593077;0.6426317894736845;True;2.11254855204;54.93;56.189999;2.2423901449081685;True;True;38
SRCL;Stericycle Inc.;7.23B;17.3941128202;32.300118141;0.53851545509;1.3826316315789493;True;7.41910248408;84.470001;87.0;2.908044827586209;True;True;18
APH;Amphenol Corporation Common Sto;22.26B;17.287342832;23.6888706416;0.729766441532;0.8278937368421072;True;2.54819575825;72.849998;72.980003;0.17813783866246213;True;True;30
NTAP;NetApp Inc.;10.77B;17.0154427686;40.7193132719;0.417871555322;0.543157631578948;True;4.10172166716;39.740002;42.811604;7.174694972886309;True;False;46
DD;E.I. du Pont de Nemours and Com;68.76B;16.954857137;29.3687490588;0.577309476241;1.3500372631578967;True;4.39498780297;79.300003;81.815458;3.074547355097601;True;True;18
CHTR;Charter Communications Inc.;86.15B;16.9378835497;30.6036714853;0.553459200405;6.892631263157894;True;7.10210296315;322.0;348.799988;7.683483062505148;True;False;3
BDX;Becton Dickinson and Company C;39.38B;16.7183615095;26.7543962501;0.624882780132;3.3826316842105237;True;4.53769533652;184.619995;186.970001;1.2568893338135045;True;True;7
COG;Cabot Oil & Gas Corporation Com;11.33B;16.6575934444;33.9537160735;0.490597064791;0.7594736842105266;True;10.1948260962;24.34;25.751672;5.481865410525577;True;False;32
LH;Laboratory Corporation of Ameri;14.25B;16.503914745;28.2965967605;0.583247338355;2.2263161578947424;True;5.85478412007;139.320007;145.660004;4.352599770627497;True;True;11
WEC;WEC Energy Group Inc. Common S;19.18B;16.4489284657;22.4738035882;0.73191564575;0.8242941052631573;True;3.14810069213;60.790001;61.353445;0.9183575592209836;True;True;30
DOW;Dow Chemical Company (The) Comm;75.79B;16.3506832322;29.9739956206;0.545495616905;1.0031585789473705;True;4.28220987445;62.040001;64.809998;4.274027288197091;True;True;24
UHS;Universal Health Services Inc.;11.82B;16.2360446654;33.7047031247;0.481714513411;2.5168434210526303;True;3.2924800839;122.290001;127.854106;4.351917333026445;True;True;9
CMI;Cummins Inc. Common Stock;26.26B;16.0723896314;30.3394870221;0.529751528748;3.2078928947368373;True;5.92047961166;156.979996;160.559998;2.22969733719105;True;True;7
PX;Praxair Inc. Common Stock;37.02B;15.9204426631;26.6134227438;0.598211016162;1.7336836315789466;True;2.82800489616;129.720001;129.720001;0.0;True;True;14
CTSH;Cognizant Technology Solutions ;37.93B;15.6557072904;32.6196842971;0.479946622041;0.8400005263157908;True;4.82677134345;64.389999;64.389999;0.0;True;True;29
EBAY;eBay Inc.;36.88B;15.0561309486;31.459521912;0.478587404817;0.5647368947368425;True;4.87429063069;34.07;34.439999;1.0743292994869091;True;True;44
GPS;Gap Inc. (The) Common Stock;10.02B;14.0517634809;32.8513398669;0.427737910775;0.6263155263157889;True;5.55579194654;25.07;30.111403;16.74250449240111;True;False;39
HRB;H&R Block Inc. Common Stock;5.51B;13.9298404593;47.0399081687;0.296128138885;0.5921056842105273;True;13.8676512018;26.58;26.58;0.0;True;True;42
LUV;Southwest Airlines Company Comm;34.60B;13.856332595;35.0360684243;0.395487656524;1.1252632105263154;True;8.63371944967;57.220001;58.777709;2.6501679403666323;True;True;22
WM;Waste Management Inc. Common S;31.80B;13.8538046353;20.3250241715;0.68161319359;0.7221052631578955;True;2.63442508859;71.959999;74.230003;3.0580680429179052;True;True;34
ABT;Abbott Laboratories Common Stoc;76.28B;13.7087984829;30.5570898961;0.448629058902;0.4752633157894741;True;2.68405285789;43.959999;45.442052;3.261413018936754;True;True;52
ICE;Intercontinental Exchange Inc. ;6.76B;13.6658353734;20.8016790773;0.656958283158;0.7905263157894742;True;4.9424430457;58.790001;61.549999;4.484156043609355;True;True;31
ZBH;Zimmer Biomet Holdings Inc. Co;24.39B;13.5789695232;25.8409620157;0.525482352976;2.476315631578945;True;6.04706618813;121.260002;132.168868;8.253733398094932;True;False;10
CB;D-B-A Chubb Limited New Common ;63.85B;13.494009651;20.254012147;0.666238844585;1.3642096842105262;True;2.31576300502;136.740005;139.678106;2.103479982754075;True;True;18
NOC;Northrop Grumman Corporation Co;43.20B;13.4328577836;22.675510205;0.592394952182;2.6410490526315855;True;1.69509921611;247.449997;249.97409;1.0097418496452848;True;True;9
CMCSA;Comcast Corporation;185.25B;13.3650335061;22.3292901508;0.598542695082;0.6410521578947377;True;2.76638649832;38.98;39.59;1.5407931295781885;True;True;38
DE;Deere & Company Common Stock;36.00B;12.6679535195;18.6048643203;0.680894700515;1.7510515789473686;True;2.59638754282;113.110001;113.580002;0.4138061205528176;True;True;14
STX;Seagate Technology PLC;12.77B;12.5460151775;53.2795144973;0.235475403555;1.3242098947368413;False;18.426365931;43.040001;50.509998;14.789145309409813;True;False;18
TWX;Time Warner Inc. New Common Sto;76.55B;12.5006692962;16.7802530859;0.744963096338;0.703682526315788;True;1.68930230848;98.709999;100.199997;1.487023996617487;True;True;35
CELG;Celgene Corporation;93.17B;12.2379880446;25.9614776498;0.471390273301;1.9189472631578954;False;3.36452627837;119.32;126.879997;5.958383652862165;True;False;13
PDCO;Patterson Companies Inc.;4.12B;11.7571515518;25.7308016955;0.45692908021;0.6742107894736844;True;2.6572155603;43.439999;48.082268;9.654846148272366;True;False;37
KSU;Kansas City Southern Common Sto;9.67B;11.7308972402;24.1919940054;0.484908240204;1.7936832631578947;True;4.04255338198;91.169998;94.897416;3.927839299649649;True;True;13
GPN;Global Payments Inc. Common Sto;13.38B;11.6626513533;25.1319086725;0.464057525646;1.3284221578947368;True;6.92704720064;87.739998;88.25;0.5779059490084948;True;True;18
AGN;Allergan plc Ordinary Shares;77.37B;11.4837485962;32.581881709;0.352458114568;3.7436828421052635;False;4.65491186919;230.880005;248.613518;7.132964105354899;True;False;6
UDR;UDR Inc. Common Stock;10.07B;11.3529379583;19.8812929447;0.571036199197;0.5647361578947362;True;2.9852962332;37.66;37.98;0.8425487098472906;True;True;44
COST;Costco Wholesale Corporation;75.01B;10.93921288;25.0915890936;0.43597130653;6.999829105263157;True;4.43445122073;170.880005;174.854827;2.2732126234067285;True;True;3
DIS;Walt Disney Company (The) Commo;175.50B;10.6592067045;16.5763376013;0.643037500857;1.5710534736842097;False;2.43385607866;109.690002;115.839996;5.309041965091222;True;False;15
EW;Edwards Lifesciences Corporatio;23.20B;10.6569785136;37.4438788639;0.284612033713;2.2184211578947384;True;9.9785000195;110.589996;121.360001;8.874427250540318;True;False;11
VTR;Ventas Inc. Common Stock;23.30B;10.5998809878;22.5871596671;0.469287911538;1.1284208947368424;True;3.67588271361;65.669998;71.131595;7.678159051543831;True;False;22
AJG;Arthur J. Gallagher & Co. Commo;9.82B;10.1277604372;21.5126991817;0.470780553926;0.6894736842105246;False;2.09944030095;54.73;57.759998;5.245841594385093;True;False;36
D;Dominion Energy Inc. Common St;49.02B;10.107467197;20.6612376;0.489199504536;0.7700006315789463;True;5.98301693108;77.93;78.650002;0.9154507078079854;True;True;32
HCA;HCA Healthcare Inc. Common Sto;31.04B;9.87237330421;26.4479587513;0.373275434866;1.394210578947368;True;5.04270092391;84.610001;90.489998;6.4979524035352565;True;False;17
MAA;Mid-America Apartment Communiti;11.17B;9.75459453782;19.192720977;0.508244482349;1.4457907368421044;False;4.05404945107;98.339996;102.849998;4.385028767817767;True;False;17
MNST;Monster Beverage Corporation;27.04B;9.35580023326;25.9367128243;0.360716498526;0.8094733157894729;True;12.0081458252;47.619999;50.040001;4.836134995281083;True;True;30
PLD;ProLogis Inc. Common Stock;28.82B;8.99468969915;26.4494135705;0.340071422573;0.7884212631578947;True;3.37390755301;54.349998;55.259998;1.6467608268823986;True;True;31
GRMN;Garmin Ltd.;9.81B;8.71542274053;21.7395565367;0.400901588117;0.9263159473684223;True;7.07752463677;52.150002;53.624072;2.748896055487915;True;True;26
FIS;Fidelity National Information S;27.47B;8.59918270521;17.6339421893;0.487649478085;0.9589465789473689;True;3.23305974333;83.110001;84.419998;1.5517614677034164;True;True;26
SBUX;Starbucks Corporation;86.78B;8.24989298752;22.330287887;0.369448572685;0.8620520526315788;True;4.08505150863;59.93;61.307457;2.246801722668079;True;True;29
JNPR;Juniper Networks Inc. Common S;11.69B;8.0805787548;23.1357030149;0.349268779496;0.493157789473684;True;5.87170037668;30.59;30.889999;0.9711848809059509;True;True;50
PFE;Pfizer Inc. Common Stock;196.47B;8.00207491566;21.2386726718;0.376769068356;0.4315417894736858;True;2.29408730584;33.009998;34.298018;3.755377351542599;True;True;57
IPG;Interpublic Group of Companies;9.66B;7.94344354899;17.1628540045;0.462827659486;0.43052668421052687;True;4.04265078626;24.450001;25.17;2.860544298768375;True;True;58
VAR;Varian Medical Systems Inc. Co;8.95B;7.75973163031;30.0954846347;0.257837071723;1.5110525263157886;True;13.3788859799;96.290001;100.290001;3.9884335029570894;True;True;16
XYL;Xylem Inc. Common Stock New;9.16B;7.50604609159;17.9831848362;0.417392478582;0.8599998947368426;True;4.29392831373;50.98;54.545877;6.537390534576993;True;False;29
MSI;Motorola Solutions Inc. Common;13.77B;7.4484144492;20.0287475877;0.37188618093;1.2431575789473688;True;5.52099284954;84.209999;86.370003;2.5008729014400988;True;True;20
BEN;Franklin Resources Inc. Common;24.23B;7.29552759156;18.211238412;0.400605792232;0.6752636315789491;True;3.92479946747;43.169998;43.740002;1.3031640922193;True;True;37
SO;Southern Company (The) Common S;49.60B;7.17329901262;13.9793875303;0.513133997972;0.7226621052631562;True;1.80733761483;49.869999;51.689959;3.5209159287590053;True;True;34
NWSA;News Corporation;7.40B;7.11108308587;20.1108951123;0.353593564391;0.27263157894736834;True;7.01221623902;12.71;14.501906;12.356348193127165;True;False;91
NRG;NRG Energy Inc. Common Stock;4.76B;7.10809597288;43.0304809736;0.165187462749;0.578399894736842;False;5.55012957878;15.07;18.867187;20.12587780043734;True;False;43
DVA;DaVita Inc. Common Stock;12.97B;7.00021084978;19.6679487691;0.355919721571;1.061579368421054;True;5.33303334302;66.639999;70.089996;4.922238831344772;True;True;23
TJX;TJX Companies Inc. (The) Commo;49.91B;6.96178107397;15.0910813593;0.461317576138;1.1649140000000013;True;2.75563170729;77.309998;80.720001;4.224483347070329;True;True;21
TEL;TE Connectivity Ltd. New Switze;26.86B;6.60225372574;20.1289870901;0.327997315324;1.2957907894736833;True;4.75404199163;75.669998;77.370003;2.197240447308768;True;True;19
TSS;Total System Services Inc. Com;10.63B;6.33061345511;20.7013146415;0.305807315369;0.9731582631578966;True;6.90051110239;57.759998;58.299999;0.9262452989064474;True;True;25
WMB;Williams Companies Inc. (The) ;25.05B;6.31568171129;21.5081195496;0.293641742911;0.6410528421052634;True;11.3641927412;30.32;32.089406;5.5139880121183875;True;False;38
BF-B;N-A;N/A;6.03856742579;18.4546663194;0.327210870209;0.5426320000000009;True;3.18551875359;49.200001;49.610001;0.8264462643328807;True;True;46
NWS;News Corporation;7.60B;6.03481340593;18.1098112455;0.333234472967;0.27105263157894727;True;6.45384914942;13.05;15.051484;13.297585806157052;True;False;92
INCY;Incyte Corporation;23.59B;5.53947456556;37.5961988414;0.147341346632;2.877368263157894;False;11.0787157643;115.190002;152.660004;24.544740611954918;True;False;8
JWN;Nordstrom Inc. Common Stock;6.87B;5.45007927448;23.2872265308;0.234037285087;1.518946894736841;False;11.4757922615;41.200001;61.000305;32.459352457336074;True;False;16
AMG;Affiliated Managers Group Inc.;8.69B;5.30164619058;26.9799603536;0.196503112721;3.149696894736841;False;6.06850155524;153.580002;170.6881;10.02301742183549;True;False;7
EQR;Equity Residential Common Share;23.83B;4.83701316069;14.0640689982;0.343927007278;0.9015796315789484;True;1.73363715398;64.900002;65.489998;0.9008948206106204;True;True;27
SPLS;Staples Inc.;6.04B;4.71780360665;22.8356601406;0.206598082894;0.2121052631578948;True;9.3629153983;9.25;9.88;6.376518218623484;True;False;117
DPS;Dr Pepper Snapple Group Inc Dr;16.61B;4.61667223784;17.3705328589;0.265776086165;1.2405261578947346;False;5.67580170297;90.349998;98.879997;8.626617373380386;True;False;20
TRV;The Travelers Companies Inc. C;33.69B;4.58865768509;11.517057474;0.398422747776;1.275264578947368;True;2.22474108623;120.589996;124.304361;2.988121229310703;True;True;19
HSY;The Hershey Company Common Stoc;22.78B;4.54904813902;10.9972883662;0.413651801018;1.1094746315789463;True;1.30783040005;107.07;109.610001;2.3173077062557446;True;True;22
ADI;Analog Devices Inc.;24.31B;4.53802129334;23.7716819833;0.190900302996;1.4936843157894724;True;4.7173850243;78.629997;83.849998;6.225403845567168;True;False;16
INTU;Intuit Inc.;32.36B;4.43294633442;17.2286234228;0.257301249533;1.590000947368422;True;8.12309767337;126.510002;127.63656;0.8826295537892936;True;True;15
ACN;Accenture plc Class A Ordinary ;75.01B;4.2180279143;15.7610270254;0.267623924982;1.1905268947368424;True;4.62790939183;120.959999;125.181287;3.3721397991378854;True;True;20
KHC;The Kraft Heinz Company;108.31B;3.99441599984;13.2035525175;0.302525853897;1.1555783157894723;False;10.1974888116;88.949997;96.016297;7.359479818306259;True;False;21
CAT;Caterpillar Inc. Common Stock;59.33B;3.93853303606;17.7675361992;0.221670184988;2.0415783684210513;True;7.5670934756;100.709999;104.660004;3.7741303736239185;True;True;12
HCP;HCP Inc. Common Stock;14.66B;3.88592693726;15.6668558718;0.248034894113;0.6583723684210526;True;3.04920819775;31.290001;34.768698;10.00525530176597;True;False;37
FLIR;FLIR Systems Inc.;5.12B;3.65860201646;11.8802296487;0.307957179672;0.7010527894736842;True;7.82616097827;37.490002;37.509998;0.05330845392205186;True;True;35
TMK;Torchmark Corporation Common St;8.80B;3.48712039815;11.8148131872;0.295148162134;0.9194741052631583;False;2.38736272184;75.239998;78.555138;4.220144072562126;True;False;27
EXPD;Expeditors International of Was;9.56B;3.38509665638;14.3750425345;0.235484288012;0.7436842631578958;False;3.54486074847;53.060001;57.299999;7.399647598597692;True;False;33
XLNX;Xilinx Inc.;16.01B;3.32111346951;17.1646980909;0.193485108326;1.4013833684210528;True;7.09357573296;64.300003;64.339408;0.06124551223720687;True;True;17
DLTR;Dollar Tree Inc.;19.21B;3.0950542326;14.557699892;0.212605992399;1.409999157894734;True;3.68705106701;81.290001;89.669998;9.345374358099113;True;False;17
MPC;Marathon Petroleum Corporation ;27.32B;3.08276670734;12.1937895425;0.252814491885;1.0784208421052641;True;3.3336439122;52.669998;52.669998;0.0;True;True;23
DHR;Danaher Corporation Common Stoc;57.50B;3.05910509842;13.4045518675;0.228213902909;0.9926316315789472;False;4.33473979888;82.839996;87.616953;5.452092131074238;True;False;25
UNP;Union Pacific Corporation Commo;89.21B;3.04247817331;12.0475829198;0.252538471289;1.6631585789473686;True;3.004250117;110.480003;113.529999;2.686511078010323;True;True;15
CBS;CBS Corporation Class B Common ;25.25B;2.89053820248;14.8329394467;0.194872918674;1.6594725789473685;False;3.40802025962;62.200001;69.510002;10.516473586060314;True;False;15
EMN;Eastman Chemical Company Common;11.30B;2.76568419713;9.91119556242;0.279046476251;1.3021043157894727;False;3.27898784046;77.510002;81.660004;5.082049714325265;True;False;19
ZTS;Zoetis Inc. Class A Common Stoc;29.39B;2.56114416057;14.1685237585;0.180762950624;0.9731580000000002;True;5.73282770882;59.880001;59.900002;0.033390649970266306;True;True;25
NTRS;Northern Trust Corporation;20.58B;2.52543552097;13.1205337972;0.192479632308;1.3373688421052627;True;4.83422030133;89.660004;91.68;2.2033115183246132;True;True;18
PG;Procter & Gamble Company (The) ;220.44B;2.40086718142;12.3928700202;0.193729715354;0.8272039473684218;False;3.6432703879;86.190002;90.973387;5.258004739342059;True;False;30
IVZ;Invesco Ltd Common Stock;13.07B;2.13439888333;14.4190620711;0.14802619427;0.6225543684210523;True;4.53841513015;32.119999;33.052961;2.8226276005952844;True;True;40
NKE;Nike Inc. Common Stock;89.47B;2.05459790003;12.7968648881;0.160554785723;0.6705258947368418;False;7.31139454891;54.200001;58.68;7.634626789366051;True;False;37
NWL;Newell Brands Inc. Common Stock;25.51B;1.92374414196;13.7001302933;0.140417944996;1.1973684736842103;True;11.2812760649;52.689999;53.459999;1.4403292450491767;True;True;20
AIZ;Assurant Inc. Common Stock;5.59B;1.90194725146;12.5927829086;0.151034704978;1.5852632631578956;True;6.99137995566;102.050003;105.300003;3.0864196651542386;True;True;15
WBA;Walgreens Boots Alliance Inc.;92.15B;1.87430064972;10.251148068;0.18283812089;1.020527842105263;True;2.14280612004;85.25;87.610001;2.6937575311750006;True;True;24
AMD;Advanced Micro Devices Inc.;10.64B;1.8224726321;33.3745308783;0.0546066891171;0.578421052631579;False;27.7455540668;11.26;15.2;25.921052631578945;True;False;43
AXP;American Express Company Common;69.26B;1.70047984752;8.49396948676;0.2001984879;1.1084218421052605;False;5.74818375109;77.489998;81.585032;5.019344724900021;True;False;22
MO;Altria Group Inc.;136.99B;1.54973288137;12.0828655922;0.128258720545;0.7194737894736862;False;1.49982254572;70.650002;75.93;6.953770578164109;True;False;34
PEG;Public Service Enterprise Group;21.64B;1.36302733532;8.07147753622;0.168869618877;0.5315794736842108;False;3.02716492454;42.77;45.68;6.370402802101571;True;False;47
BK;Bank of New York Mellon Corpora;48.62B;1.27134022887;9.13529434019;0.139167954696;0.6966238947368419;True;3.05283210987;46.759998;48.765243;4.1120373377407375;True;True;35
C;Citigroup Inc. Common Stock;168.14B;1.19627575994;9.70826788001;0.123222368266;0.9685222105263162;True;3.13019898882;61.07;61.386138;0.5149990051499964;True;True;25
IRM;Iron Mountain Incorporated (Del;9.13B;0.975691638344;9.94847376556;0.0980745048272;0.5605264210526308;False;3.49527411591;34.57;37.213209;7.10287844297437;True;False;44
DOV;Dover Corporation Common Stock;12.39B;0.970845058662;6.65888425809;0.145796956522;1.5210531052631577;True;2.90320792808;79.599998;81.82;2.7132754827670413;True;True;16
MRK;Merck & Company Inc. Common St;174.54B;0.95332886021;8.70135299533;0.109560991345;0.791578631578947;True;3.58169037243;63.57;66.102979;3.8318681522658826;True;True;31
STT;State Street Corporation Common;31.07B;0.920869992274;9.25945879618;0.0994518159802;1.3426315789473717;True;3.56984960474;82.57;84.730003;2.5492776153920427;True;True;18
EXR;Extra Space Storage Inc Common ;9.10B;0.839284441202;10.1592213153;0.0826130679858;1.385263473684213;False;3.76769880195;72.419998;80.800003;10.371292931758935;True;False;18
AMGN;Amgen Inc.;117.83B;0.728696167095;12.4550840978;0.0585059210659;2.042632263157896;False;6.59794191804;160.220001;182.600006;12.256300254447972;True;False;12
TDC;Teradata Corporation Common Sto;3.73B;0.725810512386;10.4020030743;0.0697760332506;0.6873684736842107;False;8.57621235408;28.870001;32.740002;11.820405508832899;True;False;36
BLK;BlackRock Inc. Common Stock;62.72B;0.669779216114;5.17436613225;0.129441790356;5.125263263157891;True;2.63619016913;385.119995;395.945987;2.7342093001184953;True;True;4
ARE;Alexandria Real Estate Equities;10.55B;0.492181259238;6.88484319129;0.0714876498365;1.7899990000000006;True;4.39601580973;115.849998;119.566506;3.1083186456916323;True;True;13
BAC;Bank of America Corporation Com;252.39B;0.467465781624;8.96333645998;0.0521530998765;0.46894731578947385;True;5.98577719262;24.0;25.5;5.882352941176472;True;False;53
YUM;Yum! Brands Inc.;24.12B;0.466917911555;6.97996969127;0.0668939740725;0.7768415263157901;True;2.83844608416;68.900002;69.300003;0.5772019952149265;True;True;32
HST;Host Hotels & Resorts Inc. Com;12.93B;0.302813552479;5.16061111205;0.0586778476239;0.46631589473684254;False;6.9401274593;17.48;19.27;9.289050337311878;True;False;53
BRK-B;N-A;N/A;0.267176363849;5.71672636032;0.0467359021596;1.7452655789473681;False;3.36137241146;163.320007;177.279999;7.874544268245398;True;False;14
UNM;Unum Group Common Stock;10.45B;0.245383306449;6.34535464946;0.0386713304464;0.7280732105263146;False;3.94802567122;45.779999;49.648462;7.791707626310773;True;False;34
LVLT;Level 3 Communications Inc. Co;21.35B;0.188171357312;4.75075536553;0.0396087238416;0.8799998947368419;True;4.41583544645;59.09;61.32;3.6366601435094514;True;True;28
EMR;Emerson Electric Company Common;37.02B;0.186661122072;5.42026138866;0.0344376606012;1.187209684210527;False;4.37978577076;57.439999;63.210195;9.128584400032302;True;False;21
DISH;DISH Network Corporation;28.59B;0.149313380161;4.23658307264;0.0352438221088;1.5026314210526315;False;7.00494198879;61.369999;65.0;5.584616923076924;True;False;16
CMA;Comerica Incorporated Common St;12.40B;0.14042650949;5.10932355212;0.0274843642328;1.6036853684210548;True;6.72882262659;70.099998;74.342289;5.706430427505415;True;False;15
VIAB;Viacom Inc.;13.90B;0.135905020928;8.85403797186;0.0153494960559;1.2489466315789457;False;7.83562948177;34.610001;46.619999;25.761472024055585;True;False;20
JPM;JP Morgan Chase & Co. Common St;308.77B;0.100243327457;4.17057769969;0.0240358374008;1.2584218947368428;False;3.70085567483;86.919998;93.065263;6.603178030023948;True;False;19
WRK;Westrock Company Common Stock;13.32B;0.0934909380116;3.87486761028;0.0241275179992;1.2346651052631576;True;4.38590492677;53.68;55.02;2.435478007997094;True;True;20
PRU;Prudential Financial Inc. Comm;45.56B;0.091710468302;3.88908424311;0.023581507257;1.5626308421052635;False;3.0519739574;106.209999;113.82;6.685996309963094;True;False;15
HIG;Hartford Financial Services Gro;18.03B;0.0906111549693;2.65362046697;0.0341462376014;0.6963163684210533;True;2.37618774747;49.080002;49.869999;1.5841127247666509;True;True;35
L;Loews Corporation Common Stock;15.41B;0.0689223926513;2.03670687087;0.0338401139787;0.5557898421052638;False;2.36569742129;45.759998;47.836108;4.340047898545607;True;False;44
BMY;Bristol-Myers Squibb Company Co;90.66B;0.0522699954565;5.25671233134;0.00994347648527;0.8073691578947366;True;11.969966661;55.029999;60.130001;8.481626334913916;True;False;30
XRX;Xerox Corporation Common Stock;7.17B;0.0472524932871;2.99999689601;0.0157508473925;0.13526315789473695;True;4.0199469115;7.05;7.475283;5.689189292231478;True;False;184
FDX;FedEx Corporation Common Stock;51.24B;0.0421292552704;2.36526992409;0.0178116057036;2.4252623684210493;True;3.52264577016;191.660004;200.603208;4.458156023108051;True;True;10
CAG;ConAgra Brands Inc. Common Sto;15.94B;0.028471936831;2.79720252322;0.0101787184141;0.511436105263158;False;3.9875659892;37.459999;41.288965;9.273581936481111;True;False;48
DISCK;Discovery Communications Inc.;14.76B;0.0251965533497;2.84483981012;0.00885693221112;0.628420894736842;False;3.82068193418;25.450001;28.9;11.937712802768164;True;False;39
BLL;Ball Corporation Common Stock;14.11B;0.0197183467174;2.49068619526;0.00791683302172;1.0926322105263144;True;5.45090196922;80.360001;81.736453;1.6840123953017594;True;True;22
DISCA;Discovery Communications Inc.;15.12B;0.018193135727;2.55383836177;0.00712383994199;0.723684105263158;False;4.31195039959;26.07;29.620001;11.985148143647939;True;False;34
CA;CA Inc.;13.21B;0.0165529070105;1.68816380141;0.00980527304084;0.47315757894736915;False;5.10537659559;31.610001;32.983791;4.165045794766275;True;False;52
FE;FirstEnergy Corporation Common ;12.74B;0.00850066847477;1.90116333945;0.00447129833528;0.5790238947368419;False;2.91968925013;28.719999;33.662617;14.682809717378776;True;False;43
NDAQ;Nasdaq Inc.;11.25B;0.00838673230331;1.50149602892;0.00558558407199;0.8878941052631567;False;3.40286618495;67.550003;71.853347;5.989065478049326;True;False;28
NSC;Norfolk Southern Corporation Co;33.89B;0.00805310249031;2.16700714253;0.00371623255514;1.9074200526315799;True;3.96682555899;116.959999;122.892705;4.8275493651148915;True;True;13
PNC;PNC Financial Services Group I;58.46B;0.00760015983487;1.91727473798;0.0039640431725;2.1384204736842096;True;4.19873097221;120.809998;130.240267;7.240670813428229;True;False;11
ADP;Automatic Data Processing Inc.;43.47B;0.00607979987245;1.61497074136;0.00376465016779;1.663158631578949;False;6.45321102362;97.169998;105.160004;7.597951403653436;True;False;15
FOX;Twenty-First Century Fox Inc.;51.70B;0.00432369025359;1.57711657242;0.0027415159597;0.6552633157894736;False;5.15578096648;27.9;31.82;12.31929604022628;True;False;38
BWA;BorgWarner Inc. Common Stock;8.84B;0.00230051516282;1.3610581065;0.00169024022695;0.8968421578947363;True;4.56634834414;41.650002;43.950001;5.233217173305638;True;False;27
FOXA;Twenty-First Century Fox Inc.;51.77B;0.00186315392021;1.2008032118;0.00155158972087;0.6963158421052636;False;5.22796845103;27.940001;32.439999;13.871757517625072;True;False;35
CTL;CenturyLink Inc. Common Stock;13.52B;0.00150766025212;1.26759633044;0.00118938515039;0.5826318421052636;True;6.83748765798;24.629999;29.661505;16.963083970284043;True;False;42
MDLZ;Mondelez International Inc.;68.08B;0.00027176432716;0.379054319995;0.000716953515167;0.6957893157894729;True;5.64915716436;44.869999;45.616707;1.636917807328786;True;True;35
RJF;Raymond James Financial Inc. C;10.67B;0.000217030881664;0.543225177039;0.000399522869774;1.416841894736842;False;4.93633783954;74.410004;80.802091;7.910794041208669;True;False;17
CVS;CVS Health Corporation Common S;81.72B;0.000126381677373;0.410404661584;0.000307944059128;1.2910546315789484;True;4.15062334589;80.209999;89.03994;9.91683170496297;True;False;19
CME;CME Group Inc.;39.47B;1.28800355711e-05;0.19009750475;6.77548902498e-05;1.678948210526317;False;4.46021047853;116.169998;126.321626;8.03633417448253;True;False;14
CAH;Cardinal Health Inc. Common St;23.03B;-1.79196934886e-06;-0.16545943895;1.083026366e-05;1.5436846842105243;False;12.2575794489;72.900002;83.341424;12.528490033959583;True;False;16
HOG;Harley-Davidson Inc. Common St;9.72B;-0.000735640316274;-0.918787062744;0.00080066464375;1.0678950000000007;False;4.61720674848;55.209999;62.939999;12.281538167803285;True;False;23
STI;SunTrust Banks Inc. Common Sto;27.36B;-0.000850249167906;-0.974070564349;0.000872882519014;1.0973682631578938;False;5.14127357792;56.330002;61.389999;8.24238000069033;True;False;22
MYL;Mylan N.V.;20.81B;-0.00227085591829;-1.98511029802;0.00114394445515;0.9747375263157906;False;6.96776485555;38.939999;45.279999;14.001767093678597;True;False;25
ADM;Archer-Daniels-Midland Company ;23.85B;-0.00289758657696;-1.2074239036;0.00239980885612;0.8773688421052629;False;9.29731402318;41.959999;47.036021;10.791775945503568;True;False;28
PSA;Public Storage Common Stock;36.27B;-0.00987038014023;-2.00095753302;0.00493282839708;3.9799974210526354;False;5.00413060475;208.639999;231.190002;9.753883301579801;True;False;6
TDG;Transdigm Group Incorporated Tr;12.86B;-0.0118233108157;-3.30741673271;0.00357478714391;5.24052510526317;True;10.3966867554;243.300003;272.75;10.797432447296062;True;False;4
NUE;Nucor Corporation Common Stock;18.36B;-0.0124226639468;-2.21803734659;0.00560074606763;1.4184212631578947;False;5.30282263285;57.32;65.925688;13.053618795756815;True;False;17
CHRW;C.H. Robinson Worldwide Inc.;9.77B;-0.0259998455148;-3.12665696282;0.00831554143098;1.2321050000000004;False;6.50019378257;69.349998;80.860001;14.234482881097165;True;False;20
MLM;Martin Marietta Materials Inc.;14.48B;-0.0423466130299;-3.99019125065;0.0106126775309;5.473160473684197;True;7.34251335665;230.539993;241.54272;4.555188829537082;True;True;4
ABC;AmerisourceBergen Corporation C;19.38B;-0.044877014495;-3.80921503917;0.011781171195;1.7110529999999993;True;4.82363136423;88.75;92.230003;3.773178886267625;True;True;14
KEY;KeyCorp Common Stock;19.96B;-0.0450157879739;-3.49691757215;0.0128729908684;0.4131581578947376;True;6.7492733035;18.209999;19.360001;5.940092668383645;True;False;60
INTC;Intel Corporation;167.31B;-0.0452989228967;-2.29054542943;0.0197764787001;0.616553684210527;False;3.47955443413;35.529999;37.432315;5.082015365600567;True;False;40
CFG;Citizens Financial Group Inc. ;18.56B;-0.0461159312658;-3.92883394562;0.0117378163354;0.8747287894736846;True;6.16585401473;36.650002;39.439016;7.071712945373676;True;False;28
SYY;Sysco Corporation Common Stock;28.87B;-0.0473135111423;-2.71132831707;0.0174503068641;0.7426315263157895;True;3.14414892048;53.950001;55.910542;3.5065676880757235;True;True;33
AES;The AES Corporation Common Stoc;7.48B;-0.0505916049871;-2.45877755107;0.0205759178845;0.20472573684210502;True;6.85140413803;11.33;12.862092;11.91168590614964;True;False;122
TSN;Tyson Foods Inc. Common Stock;21.37B;-0.0516778129344;-3.18767023296;0.0162117813819;1.1352626315789458;False;6.2719060517;58.240002;76.189482;23.558999915500145;True;False;22
FLS;Flowserve Corporation Common St;6.41B;-0.0577091109214;-3.98076775862;0.0144969800854;1.1694731052631586;True;4.92134417291;49.049999;51.634946;5.006196772240257;True;False;21
CINF;Cincinnati Financial Corporatio;11.37B;-0.0606183110281;-3.11471461778;0.0194619149639;1.1357896842105257;False;6.88116048101;69.059998;77.818741;11.255313164215819;True;False;22
TROW;T. Rowe Price Group Inc.;17.19B;-0.064302637827;-3.71967796606;0.0172871518485;1.0647365263157904;True;5.42919020387;71.260002;77.432909;7.97194252381761;True;False;23
URI;United Rentals Inc. Common Sto;9.48B;-0.0662101337772;-6.29861862646;0.0105118499315;3.345262684210529;False;10.6182829298;112.160004;133.360001;15.89681826712045;True;False;7
NVDA;NVIDIA Corporation;75.71B;-0.0696128099225;-5.88479436953;0.0118292680341;3.475789421052632;True;16.4038066912;127.889999;127.889999;0.0;True;False;7
O;Realty Income Corporation Commo;14.94B;-0.0787017666586;-3.85653776034;0.0204073631712;1.1121198421052627;False;3.64171419676;54.73;66.944606;18.245840449042316;True;False;22
EXC;Exelon Corporation Common Stock;31.61B;-0.0831234326926;-3.12873199643;0.0265677701981;0.6148694210526308;False;3.28077739711;34.130001;36.818774;7.302722790280846;True;False;40
WHR;Whirlpool Corporation Common St;13.55B;-0.095754759585;-4.84230363888;0.0197746293347;3.1484205789473663;True;8.93657096733;183.190002;189.134984;3.1432482104949977;True;True;7
BXP;Boston Properties Inc. Common ;18.61B;-0.124431799737;-4.8195421956;0.0258181783014;2.0126321578947373;False;5.06767160325;120.940002;139.081114;13.04354809812638;True;False;12
USB;U.S. Bancorp Common Stock;86.64B;-0.124564332246;-4.74339863086;0.0262605658812;0.8026315263157893;False;2.89930107209;51.41;56.110345;8.376966849874112;True;False;31
HBI;Hanesbrands Inc. Common Stock;7.81B;-0.131264139345;-6.51552476251;0.0201463648945;0.6632334210526312;True;17.9419545687;21.440001;25.66527;16.46298285582033;True;False;37
PCAR;PACCAR Inc.;22.26B;-0.152845489358;-3.82337033126;0.0399766373945;1.446316368421051;False;3.50036324149;63.369999;70.07;9.561868131868124;True;False;17
VLO;Valero Energy Corporation Commo;29.71B;-0.220421610029;-3.93245440615;0.0560519175211;1.2326313684210575;True;3.68726158105;66.419998;69.689393;4.691381082914603;True;True;20
K;Kellogg Company Common Stock;24.79B;-0.228574136109;-4.40979001747;0.0518333379149;1.0994733157894747;False;3.93568401448;70.830002;77.132665;8.171198285447545;True;False;22
UAL;United Continental Holdings;23.66B;-0.243494537107;-6.92289620401;0.0351723512721;1.7389473157894726;True;5.09090580458;76.410004;78.550003;2.72437799906895;True;True;14
MS;Morgan Stanley Common Stock;79.04B;-0.270014311567;-7.05427077389;0.0382767149465;0.8536618421052631;False;5.31548252651;42.73;46.618914;8.34192319452145;True;False;29
PWR;Quanta Services Inc. Common St;5.04B;-0.271173332854;-6.76337752551;0.0400943658447;0.7989472631578942;False;7.31831023403;32.490002;38.470001;15.544577188859442;True;False;31
AIV;Apartment Investment and Manage;6.79B;-0.382897526266;-4.86709200844;0.0786706981505;0.7573683157894733;False;2.81321922326;43.220001;46.832578;7.713811953721617;True;False;33
SNI;Scripps Networks Interactive I;8.87B;-0.481692836998;-8.61870132503;0.0558892597425;1.9321065263157882;False;6.93434997891;68.370003;82.157211;16.781494688275146;True;False;12
WFC;Wells Fargo & Company Common St;264.96B;-0.49772979163;-8.01625700158;0.0620900492003;1.0142985263157893;False;3.44985406171;53.02;59.313839;10.611080156184116;True;False;24
APD;Air Products and Chemicals Inc;31.37B;-0.586247884675;-7.20049248837;0.0814177482474;1.8315805789473678;True;4.67728683492;144.070007;147.776448;2.5081405394180134;True;True;13
MTB;M&T Bank Corporation Common Sto;24.28B;-0.666178171676;-8.87212931991;0.075086616488;2.691576578947366;False;3.83286141927;157.809998;171.460009;7.961046473524913;True;False;9
VMC;Vulcan Materials Company (Holdi;17.01B;-0.732384913227;-10.1874340328;0.0718910091458;2.841051052631577;True;5.0274703387;128.25;135.547865;5.383976354035525;True;False;8
MCK;McKesson Corporation Common Sto;30.66B;-0.74884562513;-8.89265647172;0.0842094403973;2.6984219473684194;True;8.67106136042;144.580002;167.47962;13.67307735711365;True;False;9
SLG;SL Green Realty Corporation Com;10.45B;-1.0897277799;-7.52663849067;0.144782797958;1.7431580526315795;False;2.8811876525;102.699997;112.914395;9.046143319458967;True;False;14
NLSN;Nielsen N.V. Ordinary Shares;14.44B;-1.11959676112;-10.9873720806;0.101898502472;0.8415795263157907;False;3.94804246826;40.400002;54.162437;25.40955644222581;True;False;29
IP;International Paper Company Com;21.59B;-1.13056390021;-9.76996894138;0.115718269627;0.8589468947368426;False;5.73666822595;52.290001;57.482356;9.032954390387193;True;False;29
OMC;Omnicom Group Inc. Common Stock;19.49B;-1.14513076937;-5.01790801132;0.228208800717;1.0642108947368427;False;3.64735604384;83.120003;87.447153;4.948302891004353;True;False;23
PAYX;Paychex Inc.;20.52B;-1.21578824405;-9.06721450133;0.134086189742;0.8548590526315779;False;2.97976836853;57.130001;62.368824;8.399746321976497;True;False;29
RF;Regions Financial Corporation C;16.99B;-1.33762136195;-11.7882086107;0.113471130866;0.3536842105263158;False;6.32677601824;14.13;15.842187;10.807769154599667;True;False;70
DG;Dollar General Corporation Comm;19.69B;-1.41184114273;-11.1127682548;0.12704675472;1.0989459473684235;False;5.03410957147;71.580002;79.502081;9.964618410428772;True;False;22
JCI;Johnson Controls International ;39.44B;-1.45182551003;-7.98430648354;0.181834892364;0.6347366315789466;True;3.42309058809;42.040001;45.988414;8.585668990454842;True;False;39
LNC;Lincoln National Corporation Co;14.95B;-1.54495873107;-12.0131392001;0.128605746203;1.271051631578948;False;5.42495573825;66.68;72.751627;8.34569239255638;True;False;19
TSO;Tesoro Corporation Common Stock;9.47B;-1.59223098202;-11.7059725414;0.136018684171;1.7426320526315784;False;3.61957438677;80.860001;91.430564;11.561301317139428;True;False;14
HBAN;Huntington Bancshares Incorpora;13.87B;-2.21069279728;-13.5694801679;0.162916542854;0.24947368421052632;False;6.25680771503;12.76;14.575807;12.457677300474689;True;False;100
TAP;Molson Coors Brewing Company Cl;20.18B;-2.25257052955;-9.41180845365;0.23933450629;1.4826319999999997;False;4.80092406752;93.739998;110.338666;15.043382888098344;True;False;16
FAST;Fastenal Company;12.94B;-2.35540158181;-16.5962878011;0.14192339938;0.8660911578947378;False;8.38740326933;44.740002;51.854668;13.720396397099666;True;False;28
ROST;Ross Stores Inc.;24.88B;-2.58451585625;-10.6401843006;0.242901418173;0.9699989473684226;False;2.70370871157;63.490002;69.363634;8.467883905851858;True;False;25
KSS;Kohl's Corporation Common Stock;6.29B;-2.63743573386;-15.390834671;0.171364048165;1.2994738421052634;False;21.102572818;36.490002;58.639326;37.77213264695436;True;False;19
COP;ConocoPhillips Common Stock;58.11B;-3.07797037737;-15.0062592144;0.205112435644;1.0626003684210517;False;8.44691466252;46.970001;52.068503;9.791912012527026;True;False;23
SCHW;Charles Schwab Corporation (The;52.96B;-3.13995532127;-13.7560997509;0.228259127087;0.7915888947368424;False;6.18903046075;39.610001;43.444014;8.825181301156926;True;False;31
COTY;Coty Inc. Class A Common Stock;14.63B;-3.16325322014;-14.5685945636;0.217128234733;0.5484209999999997;True;11.2346761586;19.58;24.765907;20.939701501745944;True;False;45
RHI;Robert Half International Inc. ;5.93B;-3.1793410041;-12.3880191216;0.256646439829;0.9836843684210529;False;7.54800805178;47.259998;50.658594;6.708824173051475;True;False;25
SNA;Snap-On Incorporated Common Sto;9.85B;-3.1982974672;-11.9878804502;0.266794241109;3.016843421052637;False;7.67481278041;170.0;180.782356;5.96427452245395;True;False;8
PXD;Pioneer Natural Resources Compa;29.19B;-3.37465594577;-15.981221869;0.211163825485;4.101053210526314;False;5.31107934045;171.639999;198.857077;13.686753527006745;True;False;6
VRSK;Verisk Analytics Inc.;12.91B;-3.39714475672;-11.4630484381;0.296356137294;1.2436846315789483;False;6.8358576988;78.099998;85.190002;8.322577571954993;True;False;20
T;AT&T Inc.;236.64B;-3.55730840131;-11.9298472177;0.29818557911;0.5068423157894737;False;2.11444895561;38.490002;42.107015;8.59004847529562;True;False;49
MET;MetLife Inc. Common Stock;54.79B;-3.56991257032;-10.5469207028;0.338479132527;0.9312457368421057;False;4.66966753383;50.919998;56.530023;9.923974380834766;True;False;26
SJM;J.M. Smucker Company (The) New ;14.53B;-4.02829441167;-17.1942273329;0.234281793167;1.4974847894736845;False;4.29763558499;124.75;141.071805;11.569856216130514;True;False;16
RL;Ralph Lauren Corporation Common;6.28B;-4.54541174272;-19.8571119027;0.228905984163;1.7900009473684204;False;13.1424383124;76.400002;112.356865;32.002372974717645;True;False;13
XOM;Exxon Mobil Corporation Common ;349.79B;-4.65779224342;-11.6587323133;0.399511037585;1.2330291578947377;False;2.06895212812;82.550003;90.882886;9.168814247382063;True;False;20
AAL;American Airlines Group Inc.;22.58B;-4.94688599801;-21.0689682703;0.234794885756;1.28048647368421;True;5.4705990356;45.830002;49.423411;7.270661670842593;True;False;19
M;Macy's Inc Common Stock;7.18B;-4.95211316588;-22.8049301013;0.217150990768;0.8926313157894727;False;18.6419923186;23.610001;43.960411;46.29258357024915;True;False;28
IBM;International Business Machines;141.27B;-5.22683317508;-20.9862786051;0.249059553313;2.415472894736837;False;5.04115904062;150.369995;180.189756;16.549087840487463;True;False;10
WU;Western Union Company (The) Com;9.09B;-5.30285245683;-18.3634245418;0.288772524142;0.31157915789473734;False;4.41807836046;19.280001;22.375143;13.832948464284655;True;False;80
EQT;EQT Corporation Common Stock;9.85B;-5.41092562534;-19.7194899475;0.274394806344;1.6697317368421043;False;7.33738163841;56.82;74.624808;23.859100582208537;True;False;14
NAVI;Navient Corporation;3.99B;-5.41846111312;-19.8842013432;0.272500817085;0.43868405263157884;False;6.62412863597;14.0;17.500248;20.001133698219608;True;False;56
LKQ;LKQ Corporation;9.56B;-5.50226238504;-19.6443558247;0.280093805781;0.567368684210527;True;4.5497527213;31.02;35.740002;13.206496183184335;True;False;44
HRL;Hormel Foods Corporation Common;18.20B;-5.66827883786;-14.6651761059;0.386512838094;0.39684273684210625;False;5.53936523153;34.41;38.123204;9.740010309731584;True;False;62
BIIB;Biogen Inc.;54.06B;-5.67169003643;-18.7263035713;0.302872908945;5.152633842105267;False;6.39872049818;254.839996;324.399994;21.442663158618924;True;False;4
FFIV;F5 Networks Inc.;8.28B;-5.68693931389;-19.9321938941;0.285314268168;2.3831581578947354;False;8.61447562004;129.160004;148.789993;13.193084161244617;True;False;10
OKE;ONEOK Inc. Common Stock;10.76B;-6.01366330707;-15.9592172332;0.376814427624;1.237999421052631;False;5.5197278225;51.0;57.717729;11.638935066208179;True;False;20
GE;General Electric Company Common;245.50B;-6.29565637501;-13.2104732183;0.476565545455;0.3668417894736836;False;2.58807108784;28.27;31.755816;10.976937264027464;True;False;68
ETFC;E-TRADE Financial Corporation;9.45B;-6.78954517191;-18.2120636734;0.372804822874;0.8152631052631581;False;9.27854824969;34.380001;38.27;10.16461719362426;True;False;30
QCOM;QUALCOMM Incorporated;81.73B;-7.12064162926;-27.1788017862;0.261992478008;0.8621051052631588;False;13.6079162363;55.32;68.901857;19.711888171606162;True;False;28
ZION;Zions Bancorporation;8.14B;-7.35351407148;-21.1869442181;0.347077615148;0.9342102105263158;False;5.59469705226;40.150002;46.529999;13.711577771579142;True;False;26
UPS;United Parcel Service Inc. Com;90.36B;-7.43516172547;-17.9361601712;0.414534752952;1.6218773684210503;False;6.98904931751;104.129997;118.303481;11.98061450110669;True;False;15
DAL;Delta Air Lines Inc. Common St;35.66B;-7.65387292727;-21.9836847149;0.348161512801;1.0252621578947365;True;5.21409504068;48.990002;51.574739;5.011633699203011;True;False;24
R;Ryder System Inc. Common Stock;3.50B;-7.68145267167;-22.2267964034;0.345594233746;1.7689471578947358;False;14.9368994128;65.339996;84.215064;22.412935528969026;True;False;14
BHI;Baker Hughes Incorporated Commo;24.79B;-7.87132441419;-17.1244351895;0.459654542008;1.4719608421052628;False;3.28966098008;58.259998;66.516242;12.412372905853598;True;False;16
ALK;Alaska Air Group Inc. Common S;10.33B;-8.05854334673;-23.7631437558;0.339119412378;1.8005262631578953;False;5.04926900378;83.589996;100.239998;16.61013800100036;True;False;13
PSX;Phillips 66 Common Stock;41.18B;-8.1252624231;-17.4791926526;0.464853416551;1.13;False;2.5948855286;79.790001;87.476351;8.78677483929341;True;False;22
GS;Goldman Sachs Group Inc. (The);91.20B;-8.37924988949;-22.9659906706;0.364854711024;4.0621047894736915;False;4.83063211837;222.820007;252.889999;11.890542179961827;True;False;6
TXT;Textron Inc. Common Stock;12.87B;-8.68544566089;-15.4231561391;0.563143210283;0.8131576315789467;True;5.51591591874;48.080002;50.278976;4.373545714216609;True;True;30
NOV;National Oilwell Varco Inc. Co;12.84B;-8.81898292096;-26.2556383663;0.335889106863;0.8668420526315794;False;4.7696395397;33.790001;41.684731;18.939141049033026;True;False;28
NEM;Newmont Mining Corporation;18.00B;-8.9714768699;-23.1030458175;0.388324420113;0.7973688947368427;False;6.02609094265;33.75;40.906668;17.495113510589512;True;False;31
COF;Capital One Financial Corporati;38.29B;-9.35836779135;-24.2428806577;0.386025403643;1.6417206842105243;False;3.6734717797;79.400002;95.649229;16.988351259998137;True;False;15
BBT;BB&T Corporation Common Stock;34.90B;-9.43984932595;-22.4146957581;0.421145547895;0.8058835789473681;False;4.94392809838;43.009998;49.357005;12.859384397412288;True;False;31
LYB;LyondellBasell Industries NV Or;32.64B;-9.68150404053;-22.4539795011;0.431170966379;1.6915797894736837;False;4.26280976484;81.040001;95.507453;15.147982220822065;True;False;14
ORLY;O'Reilly Automotive Inc.;23.25B;-9.70595573561;-21.1766198533;0.458333568003;6.153681684210524;False;4.21987345662;255.5;285.529999;10.51728333456129;True;False;4
FRT;Federal Realty Investment Trust;9.06B;-10.7918804468;-19.8463744326;0.543770877821;2.614734421052627;False;3.36304551114;125.43;157.157014;20.188099272489357;True;False;9
CXO;Concho Resources Inc. Common St;19.62B;-10.8486948365;-23.1425937254;0.46877610026;3.1178939999999957;True;7.07125406172;133.339996;144.460007;7.697639804212408;True;False;8
FLR;Fluor Corporation Common Stock;6.52B;-12.0512931698;-26.1343718588;0.461128097315;1.0863162105263167;False;4.9007539581;46.610001;57.952483;19.572038009139302;True;False;23
GPC;Genuine Parts Company Common St;13.48B;-12.3227096215;-19.8119364827;0.621984107016;1.3331567368421036;False;3.5617804597;91.440002;100.057701;8.612729369026761;True;False;18
BBBY;Bed Bath & Beyond Inc.;5.15B;-12.391988066;-20.3951838561;0.607593839478;0.7621056315789474;False;3.6456021219;36.099998;47.802229;24.4805132413386;True;False;32
PRGO;Perrigo Company plc Ordinary Sh;10.75B;-13.2942487334;-36.5510076888;0.363717707774;2.2094731052631587;False;12.4462752661;74.970001;97.033779;22.738244585939515;True;False;11
GM;General Motors Company Common S;50.74B;-13.7543701821;-24.7805776679;0.555046390221;0.6426311052631569;False;4.81116919094;33.619999;37.892303;11.274859699079265;True;False;38
FTI;TechnipFMC plc Ordinary Share;14.42B;-13.8578675742;-27.5608135505;0.50281054109;0.7094733684210514;False;6.59860532074;30.92;36.73;15.818132316907151;True;False;35
GILD;Gilead Sciences Inc.;86.34B;-13.9038752823;-23.2764951419;0.597335432053;1.0010524736842092;False;9.00865369346;66.059998;80.557492;17.99645649345689;True;False;24
REG;Regency Centers Corporation Com;6.32B;-13.9948177705;-24.8594584404;0.562957467639;1.3215793157894746;False;3.3610322364;60.720001;78.340196;22.491895475982716;True;False;18
FITB;Fifth Third Bancorp;18.13B;-14.0458018108;-26.4801185847;0.530428206577;0.5436844736842105;False;5.01083624004;24.16;28.590531;15.496497774035745;True;False;45
SCG;SCANA Corporation Common Stock;9.31B;-14.1411444176;-20.3441806277;0.695095303978;0.8494738421052636;False;4.632280605;65.110001;74.034153;12.054101571203235;True;False;29
MNK;Mallinckrodt plc Ordinary Share;4.65B;-14.2045080267;-35.1712062401;0.403867525319;1.5384205789473675;False;6.35591757366;46.790001;76.309998;38.68431106497997;True;False;16
ALXN;Alexion Pharmaceuticals Inc.;26.96B;-14.3641621301;-30.5392537567;0.470350789987;3.6057906315789485;False;9.07151479483;120.080002;144.770004;17.05463930221346;True;False;6
KMI;Kinder Morgan Inc. Common Stoc;44.45B;-14.6015990159;-22.5138427283;0.648560940578;0.3966315263157893;False;2.90418332178;19.91;22.802931;12.686662955740214;True;False;63
VNO;Vornado Realty Trust Common Sto;17.66B;-15.3830899972;-26.7669296705;0.574705062798;1.7941893157894766;False;2.99795481573;93.290001;110.018915;15.20548898341707;True;False;13
JEC;Jacobs Engineering Group Inc. C;6.35B;-15.4408304771;-23.345652069;0.661400693863;1.0994736842105264;False;5.11882487103;52.75;62.007899;14.930193006539383;True;False;22
VZ;Verizon Communications Inc. Com;187.00B;-15.9932368;-25.8472498909;0.61875970819;0.6273684210526328;False;4.46773027383;45.84;54.061999;15.208462787326816;True;False;39
CPB;Campbell Soup Company Common St;17.42B;-16.9322657941;-26.0207795654;0.650720926772;0.6884216842105265;False;6.72814136314;57.220001;63.443902;9.810085451553718;True;False;36
AIG;American International Group I;56.46B;-17.5626305847;-23.8036616041;0.737812143226;0.925263789473684;False;9.46376869809;60.990002;66.859095;8.778301590830672;True;False;27
KORS;Michael Kors Holdings Limited O;5.96B;-17.7663937746;-33.3519002122;0.532695098675;0.9268418421052634;False;11.4336921144;36.740002;51.759998;29.01854053394668;True;False;26
PBCT;People's United Financial Inc.;5.31B;-17.92791379;-25.8532727287;0.693448523061;0.3448819473684201;False;4.44273784153;17.09;19.631975;12.948136904208575;True;False;72
GIS;General Mills Inc. Common Stoc;32.41B;-19.2915086456;-24.1182005211;0.799873466045;0.8384217894736853;False;3.82592194502;56.25;63.734244;11.74289287874819;True;False;29
AZO;AutoZone Inc. Common Stock;19.34B;-19.7342386276;-27.1477970758;0.726918599418;13.345789789473669;False;4.06451251512;680.719971;809.869995;15.947006902015183;True;False;1
CVX;Chevron Corporation Common Stoc;200.75B;-19.9890639667;-23.976017753;0.833710759333;1.529474736842107;False;2.66905973958;105.959999;117.643916;9.931594762622487;True;False;16
SPG;Simon Property Group Inc. Comm;49.17B;-20.2185464535;-28.7191520921;0.704009170908;3.442631789473685;False;3.3363160096;157.479996;210.773039;25.284563553690564;True;False;7
TRIP;TripAdvisor Inc.;6.53B;-20.5655592054;-45.2402908633;0.454585034997;1.3410527368421057;False;11.6171493363;46.25;65.870003;29.78594520483019;True;False;18
DFS;Discover Financial Services Com;22.91B;-20.7529781252;-32.8025417725;0.632663720671;1.2680220000000002;False;3.31714866609;60.27;73.254388;17.72506515241108;True;False;19
CSRA;CSRA Inc. Common Stock;4.74B;-21.2868831921;-31.9773478303;0.665686325991;0.4189477368421055;False;7.16296848299;29.09;32.937161;11.680305415515313;True;False;59
JBHT;J.B. Hunt Transport Services I;9.44B;-22.2000692956;-30.9350001945;0.717635983709;1.4575145789473674;False;3.81562804019;85.870003;100.780782;14.79526027095125;True;False;17
SEE;Sealed Air Corporation Common S;8.23B;-22.3109970152;-31.9135680842;0.699106942736;0.9142104736842113;False;9.27278908415;42.529999;50.047127;15.020098955930095;True;False;27
MAC;Macerich Company (The) Common S;8.25B;-22.5813684623;-29.5983497132;0.762926605067;1.6907540000000012;False;3.5251459369;58.209999;80.334903;27.540836141919534;True;False;14
MUR;Murphy Oil Corporation Common S;4.59B;-22.6234535431;-35.9551077812;0.629213898641;0.9038169473684211;False;6.97913835172;26.58;33.686486;21.095955214800387;True;False;27
F;Ford Motor Company Common Stock;43.48B;-22.948213537;-32.6300759196;0.703284098802;0.18526315789473655;False;4.66751225147;10.92;12.788763;14.612539148626036;True;False;134
EOG;EOG Resources Inc. Common Stoc;54.67B;-24.0202600568;-30.2203202392;0.794838038336;1.9268414210526303;False;4.83732568253;94.699997;107.653259;12.032391885135596;True;False;12
GGP;GGP Inc. Common Stock;19.32B;-24.610609386;-32.4823556393;0.757660856227;0.6589474210526318;False;4.52361137244;21.84;27.747386;21.28988294609084;True;False;37
ESRX;Express Scripts Holding Company;35.39B;-25.1949522551;-35.4714142479;0.710288912618;1.5494737894736845;False;11.3905836808;59.630001;77.139999;22.69898655300735;True;False;16
CHK;Chesapeake Energy Corporation C;5.02B;-26.417016438;-51.9788040589;0.508226707334;0.25684210526315787;False;7.68888415765;5.63;7.72;27.072538860103624;True;False;97
KR;Kroger Company (The) Common Sto;26.99B;-26.510329434;-40.2617360453;0.658449735107;0.5900353157894734;False;4.43241882414;29.52;35.687976;17.28306474987542;True;False;42
OXY;Occidental Petroleum Corporatio;46.54B;-27.489191879;-31.8093313803;0.864186409653;1.1542104736842118;False;4.02013593601;60.869999;73.348301;17.012394056680336;True;False;21
MRO;Marathon Oil Corporation Common;12.18B;-28.7055321654;-39.9146210659;0.719173360508;0.4910525789473681;False;9.05916615274;14.33;18.741938;23.54045776909518;True;False;50
UA;Under Armour Inc. Class C Comm;8.32B;-29.0247503664;-61.3678771466;0.472963245854;0.5521051052631583;False;26.6518008865;18.9;34.700001;45.533142780024704;True;False;45
KMX;CarMax Inc;11.03B;-30.6340573713;-41.8911814148;0.731276997609;1.416842578947368;False;4.40144046701;59.389999;68.599998;13.425654910368955;True;False;17
GWW;W.W. Grainger Inc. Common Stoc;10.78B;-30.7118593824;-53.7329729383;0.571564492023;4.996168473684207;False;12.0944245245;184.619995;256.439123;28.00630697836227;True;False;5
AYI;Acuity Brands Inc (Holding Comp;7.60B;-30.7625574406;-48.7520450614;0.631000348843;4.448421315789475;False;15.9761182406;173.429993;264.099406;34.331547493143546;True;False;5
SYF;Synchrony Financial Common Stoc;21.56B;-32.7628368273;-49.1643638426;0.666393994891;1.045475526315789;False;17.2985564898;26.59;37.62226;29.323756733380712;True;False;23
LB;L Brands Inc.;14.12B;-32.7912175364;-52.7279471003;0.621894447626;1.415789421052631;False;17.2086861335;49.549999;74.344773;33.3510655819744;True;False;17
HPE;Hewlett Packard Enterprise Comp;31.30B;-32.9209966051;-55.9267881748;0.588644506139;0.2368950526315786;False;29.9282188136;18.879999;24.707998;23.587499885664563;True;False;105
SLB;Schlumberger N.V. Common Stock;98.68B;-33.7602609268;-38.2167214468;0.883389774129;1.3031568421052624;False;2.60028860598;71.019997;86.947627;18.318648305375827;True;False;19
HES;Hess Corporation Common Stock;15.50B;-34.1047549627;-48.2719762152;0.706512507602;1.3942103157894736;False;4.95586107762;49.369999;64.540142;23.50497307551632;True;False;17
NFX;Newfield Exploration Company Co;6.85B;-35.2873595579;-50.0883935154;0.704501723479;1.219473578947368;False;8.39138921296;34.759998;47.880001;27.401843621515386;True;False;20
MOS;Mosaic Company (The) Common Sto;8.04B;-35.7386283732;-52.7044640962;0.678094901183;0.6810530526315797;False;7.41365975659;22.91;33.723377;32.06492932187663;True;False;36
EVHC;Envision Healthcare Corporation;6.57B;-35.7916943238;-48.921960993;0.731607924077;1.5521051052631576;False;6.50720577286;56.57;72.480003;21.95088623271718;True;False;16
TGT;Target Corporation Common Stock;30.84B;-36.2053939298;-53.9944912864;0.670538661764;0.901579631578948;False;12.9716971952;55.799999;77.892427;28.362741861927088;True;False;27
UAA;Under Armour Inc. Class A Comm;9.06B;-36.9928680345;-68.2788359728;0.541791134946;0.668420947368421;False;29.7637045103;20.58;39.900002;48.421055216989714;True;False;37
XEC;Cimarex Energy Co Common Stock;11.16B;-37.4348992991;-44.4993919817;0.841245186327;3.147135157894737;False;3.93140809639;117.290001;143.067586;18.017767490673954;True;False;7
MAT;Mattel Inc.;7.77B;-37.9805976923;-52.2805870183;0.726476113954;0.5921050000000001;False;19.4178628171;22.68;32.215204;29.598459162325963;True;False;42
NBL;Noble Energy Inc. Common Stock;13.59B;-38.4418573791;-48.8019400984;0.787711662725;0.8638586315789466;False;6.87253990613;31.530001;41.396851;23.834783954943806;True;False;28
AKAM;Akamai Technologies Inc.;8.55B;-38.6872688386;-51.7778720829;0.747177651037;1.6105264210526329;False;16.865538497;49.43;71.120003;30.49775321297441;True;False;15
DVN;Devon Energy Corporation Common;19.90B;-39.5377581462;-46.9956208087;0.841307284931;1.0515787368421057;False;6.74199345853;37.860001;48.936959;22.63515802034204;True;False;23
TSCO;Tractor Supply Company;7.83B;-40.1639193188;-46.1266856331;0.8707306577;1.1873675789473677;False;8.68178884818;60.07;77.850714;22.83950022603517;True;False;21
HP;Helmerich & Payne Inc. Common ;6.23B;-40.3534599855;-50.687401645;0.796124059941;1.7884208947368427;False;7.68525480101;57.419998;82.619032;30.500277466334868;True;False;13
APA;Apache Corporation Common Stock;19.57B;-40.8773928405;-52.3043273043;0.781529845564;1.3373687894736834;False;3.98304146211;51.450001;66.750737;22.922197847793047;True;False;18
AAP;Advance Auto Parts Inc Advance ;10.66B;-41.4678734306;-45.6270759513;0.908843544452;2.6263170000000002;False;2.86544627685;145.020004;176.649489;17.90522303746941;True;False;9
FCX;Freeport-McMoRan Inc. Common S;16.65B;-42.279416644;-59.197701217;0.71420706843;0.4736842105263157;False;7.94553361442;11.51;17.02;32.37367802585194;True;False;52
SIG;Signet Jewelers Limited Common ;4.11B;-42.7598534415;-55.8975704746;0.764968013428;1.650795999999997;False;13.6357989573;60.130001;97.953535;38.613750897300434;True;False;15
KIM;Kimco Realty Corporation Common;8.05B;-43.6943615721;-50.4669276831;0.865801893994;0.5421052105263158;False;2.98821156177;18.92;29.177245;35.15494694581343;True;False;46
RRC;Range Resources Corporation Com;6.23B;-44.5292006298;-57.3103201932;0.776983979145;0.855789368421053;False;6.86728477873;25.610001;39.359665;34.933386755197226;True;False;29
HAL;Halliburton Company Common Stoc;39.18B;-45.2397218077;-50.3080631586;0.89925389624;1.0236841052631582;False;3.43432606763;45.139999;58.01182;22.188273010569226;True;False;24
CF;CF Industries Holdings Inc. Co;6.24B;-45.7773139204;-58.1844955349;0.786761378603;0.9756375263157891;False;5.93555809593;26.780001;36.148674;25.917058534429227;True;False;25
APC;Anadarko Petroleum Corporation ;28.93B;-48.7381379054;-55.8211698003;0.873112084174;1.5799994736842093;False;8.00574776834;51.630001;72.632504;28.916121355254386;True;False;15
AN;AutoNation Inc. Common Stock;3.99B;-49.7873256582;-57.2157050956;0.870168873651;1.194211000000001;False;4.12551146797;39.360001;53.119999;25.903611180414355;True;False;20
RIG;Transocean Ltd (Switzerland) Co;4.15B;-59.3265475003;-65.234143992;0.909440116323;0.437894736842105;False;7.81065986467;10.62;15.84;32.95454545454546;True;False;57
